,tweet,kelas
0," Lanjut ! Setuju ajukan hak angket soal minyak goreng yg langka, begitu harga naik langsung melimpah. Harus dicari dg detil penyebabnya. Pemerintah sekarang nganggap enteng kesulitan rakyat kecil, apalagi yg tak dpt bantuan pemerintah",negatif
1,"Kemarin waktu minyak goreng langka. saya dari warung, minimarket dan supermarket sudah keliling dan tidak ketemu. Eh pasca sehari pemerintah umumin penghapusan HET seketika semua tersedia. Jadi masih percaya tidak ada mafia?",negatif
2,"Puan Murka Harga Minyak Goreng Belum Normal Ibu-Ibu Menjerit ""Kami meminta komitmen pemerintah untuk menyelesaikan persoalan minyak goreng yang masih langka di pasaran dan membuat masyarakat kesulitan."" Puan Maharani  ",bot
3,Harga minyak goreng curah pada tingkat agen itu berarti sekitar Rp18 ribu per liter atau jauh di atas HET subsidi yang ditetapkan pemerintah sebesar Rp14 ribu per liter.\xc2\xa0  ,normal
4,"Menolak lupa!!!Dulu BBM naik, demo berjilid2.Itu dulu, skrg mak Banteng lupa bhw minyak goreng mrupakan kbutuhan pokok didapur yg tengah langka &amp",negatif
6," 42 Alhamdulillah, berkat MotoGP dan minyak goreng langka, Ramadhan kita kali terbebas dari si covid, makasih pemerintah...",normal
7,"  Pantesan minyak goreng langka, lha wong apa yg dilakukan pemerintah banyak yg menggorengnya bahkan sampe gosong.. ",negatif
8,"Sudah Dijamin Dapat Subsidi dari Pemerintah, Eh Minyak Goreng Curah Di Daerah Ini Masih Langka ",negatif
13," Substansi nya adalah di negeri penghasil sawit terbesar, minyak goreng bisa langka, ini tugas DPR dan pemerintah membuat regulasi kepentingan rakyat... Bukan cara memasak, jika kalian gagal selama 2 periode bukan nya minta nambah waktu berkuasa, serahkan kepada rakyat",negatif
14,Pemerintah sudah menjamin stok minyak goreng terpenuhi. Jadi ibu-ibu TIDAK PERLU panik tentang minyak goreng langka dan mahal minyakgoreng ,normal
15,"Pemerintah telah menetapkan HET minyak goreng curah di pasaran namun masih ada yg mengeluhkan mahalnya harga minyak goreng curah atau minyak masih langka. Dukung pemerintah untuk mengurai permainan bisnis minyak goreng ini. Jangan tangkap yg ecek2, tangkap kakapnya! ",normal
16,"  ri Perjuangan @66Hasto Untk mengumumkan keputusan migor mengikuti harga keekonomian ga perlu pejabat sekelas presiden/menteri,anak SD juga bisa bu... penguasa menyerah dgn mafia minyak goreng padahal kalo mau bisa diusut dgn mudah. Berbulan\xc2\xb2 langka ngapain aja pemerintah dan PDIP partai wong licik?",negatif
18,"Amin. Semoga di bulan Ramadhan masyarakat tak perlu khawatir minyak goreng langka, karena pemerintah melalui Mendag Muhammad Lutfi pastikan minyak goreng subsidi untuk rakyat tetap ada dan cukup.  ",normal
19,"Misalnya di Minimarket X, kemarin langka minyak, hari ini banyak. Tinggal tanya minyak ini di supply darimana? Datangi tempatnya, periksa dan proses hukum. Jadi dengan pencabutan ini, malah makin memudahkan pemerintah menangkap penimbun minyak goreng.Jadi tunggu apa lagi?",normal
20,minyak langka ini gegara pemerintah kebanyakan goreng isu radikal...cuaaksss..,negatif
21,"chantika Masalahnya bukan minyak goreng atau bukan.Tapi dimana kehadiran pemerintah saat rakyat susah.Lahan sawit umumnya milik negara pengusaha cuma numpang nanam dan terbesar didunia serta pabriknya banyak eh bisa2nya langka dan mahal.Giliran harga Migor tinggi lansung banyak,Ambyar",negatif
22,"sajak Jadi kalian setuju dgn kartel bikin ulah langka minyak goreng , sukses memaksa pemerintah hapus HET minyak goreng untuk konsumsi dlm negeri ? . Kalian pendukung kartel minyak atau pendukung jokowi ? Mikir sblm njeplak ""HET itu benernya sistem komunis, petani ga boleh kaya""",negatif
23,"Berita lainnya   Sejak Pemerintah mengumumkan pemberian subsidi disertai kenaikan HET, minyak goreng curah menjadi langka. Petugas gabungan pun menemukan adanya tangki berisi migor curah yang ditimbun pemilik agen saat melakukan sidak.Liputan6SCTV ",normal
24,"Soal Minyak Goreng Langka, Pemerintah Mau Murah Beli Curah, Jika Kemasan Ya Tentu Saja...  ",normal
25,"Solusi pemerintah sekarang keren\xc2\xb2 emangRakyat pak cabe mahalMereka ya ngak usah makan cabeRakyat pak minyak goreng langkaMereka ya ngak usah ngegorengJADI LU KERJAANYA APA DONG BESTIE, KALO GINI ANAK TK JUGA BISA",negatif
26,"1nn Masa negara terbesar penghasil minyak sawit,.minyaknya malah langka? Itu mah permainan penimbun sama program pemerintah yg minyak sawit jadi solar itu jadi pengusaha sawit banyak yg jual buat proyek itu dan bukan buat minyak goreng cmiiw",negatif
27,"Minyak goreng langka, di beberapa daerah minyak ada tapi malah mahal banget harganya! Ini sekarang gula naik harganya! Pemerintah sekarang nyiksa rakyatnya! ",negatif
28,"ironi-minyak-goreng-harga-murah-barang-langka-giliran-mahal-pasokan-banjir goreng kemasan sempat langka setelah pemerintah menetapkan harga eceran tertinggi. Kini pasokan melimpah setelah HET dicabut, namun harganya melonjak.",normal
29," Kemaren langka gara2 pemerintah menerapkan haraga 14 ribu untuk minyak goreng makanya pengusaha marah karna terlalu murah, akhirnya minyak goreng ditimbun supaya langka han harganya mahal, seteleh itu baru dikeluarkan lagi migornya, dan endingnya pengusaha dapat cuan yg banyak",normal
30,"Minyak goreng kemasan sempat langka setelah pemerintah menetapkan harga eceran tertinggi. Kini pasokan melimpah setelah HET dicabut, namun harganya melonjak. ",bot
32,Pemerintah ,normal
33,Pemerintah akan menindak tegas semua mafia minyak goreng yang saat ini mungkin sedang menimbun dikala minyak goreng sedang mahal dan langkaHukumBerkeadilanProJustisiaTegakkanHukumfff followforfollowback ,normal
34,"Megawati bilang gitu dan Pemerintah pun bikin langka Minyak Goreng, pasti gara2 abis nonton Ade Rai.",normal
35,"[5] serta langka, termasuk ketersediaan CPO untuk minyak goreng.Airlangga mengatakan untuk melaksanakan kebijakan ini pemerintah telah bertemu dengan para produsen minyak goreng.Dalam pertemuan dicapai beberapa hasil. Pertama, pemerintah meminta para produsen minyak goreng",normal
36,Minyak goreng di Kota Banjarmasin terus jadi perbincangan hangat. Harganya bahkan menembus Rp50 ribu. Begini imbasnya ke pemerintah kota  ,normal
37,"Direktur Jenderal Perdagangan Dalam Negeri Kemendag, Oke Nurwan mengatakan minyak goreng langka terjadi akibat masalah distribusi, bukan karena pasokan yang minim. Kemendag tengah menyiapkan perusahaan yang akan membantu mengelola minyak pemerintah.",normal
38,Cara Pemerintah dan Masyarakat Menghadappi Kelangkaan Minyak Goreng Langka di Negeri LumbungSawitA thread,normal
39,"Solusi yang diberikan pemerintah akhirnya memutuskan untuk menggelontorkan duit subsidi Rp 3,6 triliun untuk penyediaan minyak goreng murah seharga Rp 14.000 per liter.Percuma aja sih kalo minyak murah tapi ujung-ujungnya ditimbun dan dibuat langka lagi.",normal
40," Ini gerombolan teriak2 nyalahin pemerintah minyak goreng langka, nggak taunya dia timbun di ganti merek *kita 212*...",normal
41,"  cngir  Minyak goreng HET 14.000 stocknya langka/gak ada dipasaran, begitu HET 14.000 dicabut, langsung ""banjir "" stocknya dipasaran tp harganya 28.000/ltr. Berarti selama ini pengusaha/cebong tdk patuh sama pemerintah.",normal
42,"Minyak Goreng Langka dan Mahal, Iwan Fals Kritik Pemerintah Lewat Lagu ",normal
43,minyak goreng langkapemerintah cabut hetminyak goreng jadi banyak tapi mahalkalo mau ngeprank mafia minyak goreng kan pemerintah tinggal terapin het lagi ga sih???,normal
44,"Minyak goreng langka, harganya dikembalikan pemerintah ke harga pasar untuk mengatasi kelangkaan, namun baru terealisasi pekan depan",normal
45,Soal minyak goreng yg langka di pasar &amp,normal
46,"Menurut gw jatohnya malah ga nyambung. Ntah goreng tiap hari/ga, pointnya minyak goreng itu salah 1 dr sembako (sembilan bahan pokok). Kalo smpe langka/harga naik, pemerintah harusnya punya solusi atau atleast punya statement yg masuk akal knp itu terjadi.",normal
47,"Harusnya pemerintah yang mencari alternatif, bukan rakyat yang harus mencari alternatif dengan langka nya minyak goreng.Bener kata emak enak "" emangnya mau buat bakwan direbus""Yang harus nya ibu kritik itu pemerintah.KabinetJokowiGagal",negatif
48,Pemerintah naikkan harga minyak goreng curah jadi Rp14 ribu per liter.,normal
49,"Minyak goreng langka solusinya HET dicabut ... Pemerintah   ini super duper kapitalis dan terindikasi melanggar pasal UUD 1945 pasal 33, TURUN aja kalau sudah nggak mampu Pak!!Bisa2nya DIDIKTE dan TAKUT sama PENGUSAHA yg kelapa sawitnya di tanam di TANAH NEGARA!",negatif
50,"Model tipu2 mafia minyak goreng mungkin layak tiru. Contohnya niiih guru2 dibikin langka, ditimbun nggak usah keluar2 ngajar sampe sekolah, pemerintah n orang tua kelimpungan panik. Lalu dikeluarkan lah guru2 ini dengan harga 2x lipat. Ya nggak uni ?",negatif
51,"trus klo penjual gorengan gimana bu? apa gorengannya harus direbus atau dikukus sj?pemerintah ga usah njelimet knp rakyat butuh minyak goreng,pemerintah harus bpikir bagaimana caranya minyk goreng tdk langka dan mahal. ",negatif
52,"Ngerasain harga minyak goreng 14 ribu baru sekali (cm boleh beli 2 liter pula) terus minyak lgsg langka, tiba2 HET nya dicabut, lgsg banyak lg minyaknya?! (kalo pake logika minyak sayur gamungkin langka) huhu pemerintah kok lebih kayak OVJ ya?",negatif
53,Minyak Goreng Langka seperti ada Konspirasi Pemerintahan  terhadap Mafia MiGor. Rakyat mulai lah buat Minyak Goreng Sendiri dan jangan Beli Minyak Goreng supaya Pemerintah Merasakan saat Rakyat sudah tak Perduli lagi pada  . Mau 3 Periode tanda Tak Tau Diri.,negatif
54,"Dari dulu minyak goreng tidak langka, ketika langka masyarakat disuruh makan rebus2an saja.Masyarakat sudah bayar pajak, ikut BPJS. Sekarang tugas pemerintah yang mengatur agar kebutuhan rakyat tersedia.KabinetJokowiGagalKabinetJokowiGagal  ",negatif
55,Kirain minyak goreng langka karena dipake bandar buat goreng saham. Ternyata dipake pemerintah buat goreng buzzer. ,negatif
56, Lah pointnya kan sekarang minyak goreng yang biasa dipakai masak makanan itu d gegara pemerintah ga becus. Jadi antre dan berebut minyak goreng. Bukan karena rebutan menggoreng. Dikira ga punya dapur masing-masing apa gimana???,negatif
57,"MenteriMendag Minyak Goreng Penting Emak-emak Menjerit, Ini 3 Janji Manis Pemerintah Atasi Minyak Goreng Langka",normal
58,"NEGARA DIKUASASI PENIMBUNFokus Ekonomi  | Edisi 97Oleh Pujo Nugroho - Pemerintah seperti dipermainkan oleh pengusaha minyak goreng. Diketahui di seluruh Indonesia, minyak goreng menjadi barang langka dan harganya sangat ma ",negatif
59, Mau tanya pak? Seblm kenaikan harga minyak  goreng apakh pemerintah melakukan subsidi? Kok tiba2 harga melejit apakh karna di cabut subsidi? Apakh bahan saeit langka?,normal
60,"Seharusnya pemerintah memahami skenario mereka. Membuat minyak goreng langka, menimbun, menyelundupkan, dan menaikkan harga tentu hal itu ada motif tersendiri. Kemungkinan juga ada elit politik yang melatarbelakanginya. Apakah pemerintah berani menghadapinya ?, ini demi rakyat.",negatif
61,SIKLUS MINYAK GORENG DI INDO1.harga minyak murah minyak langka pemerintah bagi-bagi minyak2.harga minyak mahal b banyak yang gak mampu beli pemerintah bagi-bagi minyak,normal
62, Logika Saja istri saya Minyak Goreng 2liter Lebih dari cukup 1Minggu Logika SayaJika Langka di pasaran pasti ada penimbun Yg gak suka sama Pemerintah.,normal
63,"minyak goreng langka, curiga program pemerintah ""Indonesia Bebas Kolesterol""",normal
64,Fact check (da kaya big tech aja gw) Hari ini minyak goreng bermunculan kembali di setiap mart2 dan toko. Hanya sehari dinyatakan dengan harga naik drastic dr sblm langka. pemerintah ga diatur olh pengusaha keep laughing for this and sad at the same time for my wakanda. ,negatif
65,"Jangan terlalu menyalahkan rakyat,salah pemerintah juga kenapa minyak goreng langka..karena rakyat mau beli bukan minta.. ",negatif
66," RI hadeh kami lelah pak, anehnya knp skrg minyak2 justru banyak setelah harganya dinaikkan, tdk lucu pak kalo pemerintah mau menaikkan dg memjadikan langka terlebih dahulu, aneh pula negara penghasil sawit terbesar kok sampe minyak goreng mahal",negatif
67,"7 Buzzer gak ada yang komen soal keberhasilan pemerintah menghadirkan kembali minyak goreng yang langka, ya? Mbok, ya, diapresiasi, itu kan prestasi. Minyak goreng jadi banyak dan meroket ....",normal
68,Gerindra Minyak Goreng Langka karena Pemerintah Tak Cermat ,negatif
69,kenaikan harga itu dilakukan setelah pemerintah mencabut harga eceran tertinggi (HET) minyak goreng pada Rabu (16/3). ,normal
70,66 Ketika harga eceran tertinggi pemerintah 14000 per liter produsen minyak ingin 20000 minyak langka setelah HTE dihapus minyak goreng melimpah harganya ada yang sampai 25 ribu per liter siapa yang menang siapa yang kalah,normal
71,"Akibat dampak dari makin mahalnya harga minyak goreng kemasan di tingkat ritel modern, membuat warga beralih ke minyak goreng curah atau tanpa merek, yang masih di subsidi pemerintah, akibatnya minyak goreng curah juga ikut langka dan hilang dari peredaran sejak kemarin.",negatif
72,"Disubsidi Pemerintah, Minyak Goreng Curah Langka di Pandeglang ",normal
73,Karena banyaknya suara yang kecewa dengan pemerintah akibat harga yang mahal serta langka dipasaran akhirnya mafia minyak goreng kena getahnya juga ,normal
74,"Pemerintah terus pantau stok minyak goreng murah, biar gak lagi langka seperti yang udah udah ",normal
75,"Minyak goreng langka ? Kata siapa ? Kata Kidrun Jgn khawatir ,bahwa Pemerintah telah memastikan stok minyak goreng baik di Pulau Jawa dan luar pulau Jawa akan aman ...StokMinyakGorengAman ",normal
76,Minyak goreng mahal,negatif
77,Siap. Kai gak salah kok. ,normal
78,Gak usah lebar ke mana. kalau otak loe begok minim literasi akui ajalah. loe udah offffside bego mempertanyakan PERANG UKRAINA hubnya sm MINYAK GORENG LANGKA. dan nyebut Bego lg. buat yg ngehubinginnya. Padahal yg ngeHu,negatif
79,"Aku bukan ibu ibu sih tp aku sakit hati banget!!! WkwkHutan2 dibabat dijadiin kebun sawit, Indonesia itu salah satu negara penghasil sawit terbesar di dunia. Bisa bisanya minyak goreng langka??!!Terus kerjanya Bu Mega, para pemegang kekuasaan, sama pemerintah itu apa?! ",negatif
80,Pemerintah mengungkap adanya mafia di balik mahal dan langkanya minyak goreng. Benaran ada atau nggak sih?  ,bot
82,Sonoda didu sonoda lu tau ga kalo minyak goreng langka dan mahal? Kalo kebutuhan pokok langka dan mahal artinya pemerintah ga becus ngaturnya dan ini sdh dr awal thn.Lha didu bantu menyuarakan keluhan masyarakat kok lu kaitin sama sakit hati?Lu waras ???,negatif
83,"Oalah pemerintah asoe Minyak goreng langka bat anjir gue datengin alfa/indo di tiap tower KOSONG SEMUA, gue nyari dah kek lomte nyari kntl ampe kudu ke warung kecil dapet 450ML harga 15K asoeLama-lama gue goreng ayam pake minyak nyongnyong juga nicurhatanSingleParent I",negatif
84,"ruswandi palingan akan muncul lagi solusi hebat kalau ini dipertanyakan ke pemerintah, ""nggak usah pake traktor, bajak sapi atau nyangkul kan bisa"", Cabe mhal katanya nggk ush makan cabe.Daging mahal katanya nggk usah beli daging.sekrg minyak goreng langka, katanya nggk usah menggoreng",negatif
85,"Pemerintah resmi mencabut kebijakan HET minyak goreng kemasan. Usai HET dicabut, stok minyak goreng di minimarket kembali melimpah setelah sempat langka.  ",normal
86," Selagi harganya minyak goreng (Migor) belum turun tak usah dulu dibeli, aneh ketika pemerintah tentukan HET Migor sangat langka, tapi begitu HET dicabut, Yg tadinya langka langsung membludak, karena itu tak usah dulu menggoreng, ganti sementara dengan rebusan",normal
87,"Pendakwah, Ustadz Hilmi Firdausi tak sependapat dengan apa yang dikatakan oleh Menteri Perdagangan RI, Muhammad Lutfi yang mengklaim tak bisa mengontrol kartel minyak goreng, sehingga stok saat ini langka dan harganya melambung tinggi di pasaran domestik.",normal
90, Penyebab Minyak Goreng langka adalah pemerintah yang gak becus kerja itu aja...,negatif
91,"RI Ditutup sekali pun harga akan tetap naik, karna harga dunia naik jgYg bikin langka produsen ga mau jualan harga 14k sekalipun subsidi, mereka sengaja nahan, pemerintah ga brani lawan oligarkiMudah mereka bikin minyak goreng seolah langka, masih 1 keluarga yg kuasain",negatif
92,"jika minyak goreng langka ya rakyat harus mengganti metode memasak dengan cara merebus, mengukus, dan ngerujak(?) itu kan tradisi EndOnesia Kok nyuruh-nyuruh pemerintah ngendaliin harga minyak, emang kalian siapa? kalian cuman rakyat bertahan hidup sendiri lah.",negatif
93,"Pemerintah Cabut HET dan DMO, Ekonom Minyak Goreng Tidak akan Langka Lagi ",normal
94,"Masyarakat masih terkatung-katung mengenai pasokan dan harga minyak goreng, bahkan harganya mencapai Rp70 ribu/liter di Kendari. Pemerintah telah menetapkan berbagai kebijakan, tetapi hasilnya belum efektif.  Infografis CNNIndonesia ",negatif
95,"harapannya, semoga minyak goreng harganya bisa stabil lagi dan ga langka. kasian kami rakyat kecil, rakyat biasa, yg ga punya kekuasaan..semoga pemerintah bisa mengatasi ini semua, masyarakat Indonesia semuanya sehat dan diberikan kekuatan untuk menghadapi ini semua",negatif
96,Pemerintah telah menyalurkan subsidi minyak untuk masyarakat. Kini tidak perlu khawatir lagi dengan minyak langka. ,normal
97,Ooohhh kirain nanyain ke pemerintah kenapa minyak goreng langka. ,normal
98,Jangan jangan minyak goreng langka adalah tindakan terselubung pemerintah agar masyarakat berubah ke pola hidup sehat,normal
99,Keberadaan minyak goreng di Bandar Lampung masih sulit ditemui. Hal itu meski pemerintah mencabut aturan harga eceran tertinggi (HET) sejak beberapa hari lalu.Bandarlampung HET Minyakgoreng Lampungpost,normal
100,"Puan Murka Harga Minyak Goreng Belum Normal Ibu-Ibu Menjerit""Kami meminta komitmen pemerintah untuk menyelesaikan persoalan minyak goreng yang masih langka di pasaran dan membuat masyarakat kesulitan."" --Puan Maharani ",bot
101,"Biasanya, gw banyak sependapat dengan pemerintah. Tp yg ini terlalu bodoh, masa minyak goreng langka gr2 ibu2 yg tiap hari goreng Gini ya..ada sekelompok orang, yakni produsen, yang memproduksi makanan..yang digoreng. Untuk? Memenuhi konsumen yg butuh..makanan yang digoreng. ",negatif
102," Katanya ditangan  mafia kocar kacir. sy mencurigai justru pemerintah ada dibalik kelangkaan minyak goreng.ada yg bilang fitnah?Lah...! Kita punya perangkat Mentri yg lengkap,janji memberantas sdh diucapkan.lalu knp msh saja ada bahan pangan yg langka?",negatif
103,"resmi mencabut kebijakan HET minyak goreng kemasan. Usai HET dicabut, stok minyak goreng di minimarket kembali melimpah setelah sempat langka.",normal
104,"Minyal goreng langka, gue kira nenek mega ini buat pernyataan, bahwa pemerintah jokowi kalah dengan kartel minyak.Ini malah nyuruh rebus.Eh nenek, masak nasi goreng pake minyak, bukan di rebus.",negatif
105,Aneh Penghasil kelapa sawit terbesar tp bisa2nya minyak goreng langka &amp,bot
107,"Aneh, Penghasil kelapa sawit terbesar tp bisa2nya minyak goreng langka &amp",bot
108," Aneh, Penghasi kelapa sawit terbesar tp bisa2nya minyak goreng langka &amp",bot
109," RI Kebanyakan bacot lu !!!! Noh liat malaysia di subsidi harga migor bs Rp 8500/kg dan tidak langka . Ini sawit udah disubsidi 7,5 T harga per liter Rp.14rb malah migor langka !!! Lepas harga pasar banjir...yg gak bs kerja tuh siapa rakyat apa pemerintah !",negatif
110,HET minyak goreng dicabut menyusul keputusan pemerintah yang tak lagi melakukan subsidi pada harga minyak goreng noncurah tersebut. TempoBisnis ,normal
111,Pemerintah tetap berupaya untuk menangani masalah Distribusi Minyak Goreng yg menjadi langka bbrp hari lalu.Subsidi terjangkau di pasaran !! ,normal
112,"Sudah tau minyak goreng langka, ini ada aja yg meng export untuk kepentingan diri nya sendiri.. pemerintah juga gaya aja sih di gedein. Ngerti mengolah negara gak sih ?",negatif
113,"Setelah dua kali mangkir, akhirnya Menteri Perdagangan menjelaskan kepada DPR terkait permasalahan minyak goreng, yang langka dan mahal. Menteri Lutfi mengakui bahwa ia luput memprediksi kenaikan harga akibat invasi Rusia. Selengkapnya di  ",normal
114,"Imbas langka, pemerintah merevisi harga minyak goreng curah jadi Rp14 ribu per liter.",normal
115,"Ketika minyak goreng langka pemerintah malah menunding ditimbun rakyat, sekarang setelah keputusan harga eceran minyak dicabut stok minyak goreng melimpah dipasaran.Sekarang kita bisa paham siapa sebenarnya para penimbun Migor yg sesungguhnya.KapitalisKalahkanNegara ",negatif
116,"Minyak Goreng Langka Bukan Salah Pemerintah, Tapi Karena Milih Pemimpin yang Sogok Pakai Uang ",negatif
117,"Pemerintah telah menaikkan Harga Eceran Tertinggi (HET) minyak goreng. Kendati demikian, minyak goreng masih menjadi barang langka di Kabupaten Lamongan. jatimnow lamongan MinyakGoreng",normal
118,"I juga tiap hari dapat email banyak banget dari buyer buat ekspor minyak goreng. Tapi dilarang pemerintah sejak bulan februari, ya manut aturan aja.Ta ta ta tapiiii ini yang punya sawit katanya malah ekspor ya, wuah.. mantap, pantesan langka.",negatif
119,"""Langka dan mahalnya minyak goreng di negeri penghasil minyak sawit terbesar di dunia (Index Mudi, 43.5 juta ton th 2019) hanyalah salah satu parameter ketidakmampuan pemerintah dalam meramu kebijakan yang menyentuh hajat hidup rakyatnya.",negatif
120,"Emak-emak Menjerit, Ini 3 Janji Manis Pemerintah Atasi Minyak Goreng Langka  ",normal
121,Minyak goreng kemasan yang sempat langka hampir sebulan terakhir mendadak kembali memenuhi pasar menyusul pencabutan kembali subsidi yang sejak satu bulanan ini diberlakukan pemerintah. via ,normal
122,"Teriak-teriak katanya anti komunis.Tapi nuntut pemerintah intervensi pasar,nyalahin pemerintah soal langka dan mahalnya minyak goreng.Itu semua kebijakan sosialis komunis.Nanti ujung2nya ngomong  khilafah solusinya",negatif
123,"[askrl] aku bingung, kemaren waktu minyak goreng murah jadi langka dimana mana. Ini giliran pemerintah kasih harga normal untuk minyak goreng, minyaknya jadi ada dimana mana.",normal
124,kenapa minyak goreng bisa langka di pasaran sebelum tanggal 16 Maret 2022? Karena pemerintah tetapkan HET Rp 14.000 sementara barang yang dibeli distributor dari pabrik harganya muahal tapi gabisa dijual ke retail store,normal
125,"Mendag harus kendalikan harg minyak goreng, dan Pemerintah harus BERANI Melawan Mafia KARTEL Minyak GorengMigor teenyata TIDAK LANGKA.MendagRI 1Harus BERNITangkapKartelMinyakGoreng TangkapKartelMinyakGoreng ",normal
126,[Topik Pilihan] Apa tanggapan Kompasianer atas keputusan pencabutan HET minyak goreng? Apakah Pemerintah akan menetapkan kembali harga minyak goreng kemasan?,normal
127,Semoga terdengar dan didengar agar dapat terwujud kedaulatan pangan yang berdaulat. ,normal
128,"Klw minyak goreng jadi mahal yang harus di ganti siapa donk.Klw mahal di wajarkan, its a big no.Caranya gimana donk? Ya tugas pemerintah berpikir, gimana caranya bisa memberikan pelayanan yang murah dan cepat ( gak antri, gak langka dll )",negatif
130,VADUKA Sedikit2 nyalahin pemerintahan....nyalahin pemerintah sedikit2....nooohh...lihat minyak goreng nya tidak sedikit...Siap2 lebaran akan langka,negatif
131,"Pemerintah gagal urus kebutuhan Rakyat.Minyak murah, barangnya langka.Harga mahal minyak goreng pun muncul dan mudah didapatkan.MinyakGoreng pemerintahgagal",negatif
132,"Emak-emak Menjerit, Ini 3 Janji Manis Pemerintah Atasi Minyak Goreng Langka ",normal
133,"Saat harga minyak goreng dipatok dengan harga eceran tertinggi Rp 14.000/liter, pasokannya langsung langka di manaYa bikin aturan tanpa sanksi, ya ga ada yg maulah lepas ke pasar dg harga 14rb pemerintah akhirnya kalah, dilepaslah harga keekonomian",normal
134," Mau naikin harga minyak goreng aja pake segala trik, dibikin langka, rakyat dbikin susah sampe ada yg meninggal.! Ujung2nya pelaku penimbun dibiarkan bebas dan pemerintah cuma bs pasrah kasih solusi harga minyak naik 2x lipat, ngehe kan.!!",negatif
135,"Kemarin banyak yg mengeluh minyak goreng langka, skrg langsung berlimpah stoknya (tapi mahal. Terima kasih pemerintah",normal
136,"Emak-emak Menjerit, Ini 3 Janji Manis Pemerintah Atasi Minyak Goreng Langka",normal
137,"Jamin ketersediaan MGS curah, begini 3 janji manis pemerintah atasi minyak goreng langka dan mahal.",normal
138," WadowwwWww, jangan tutup mata bu, tampak jelas pemerintah terlibat di skandal minyak goreng ini buk, katanya langka kok pas harga naik malah bejibun.... LUCU",negatif
139,"Aneh !!!  saat minyak goreng dengan het rakyat membludak ngantri cukup panjang/ padat  dan minyak langka dipasaran, tapi begitu pemerintah melepas harga kepasar banyak emak-emak yang kecewa karena harga sudah melambung tinggi. Lalu gimana cara Mendag menentukan het ?",negatif
140,Selama ini migor langka karena bahan baku migor di ekspor dan digunakan untuk biodiesel. Rantai pasokan kelapa sawit dimonopoli oleh para konglomerat. Celakanya Pemerintah tak mampu mengkontrol dan melawannya. Akhirnya kini harga minyak goreng tinggi. Ironi Negara Pancasila.,negatif
141,"Sebagai saran Pak  dan Pak  , kebijakan pemerintah soal Minyak Goreng semua bagus, tapi jika tidak ada Pengawasan mengenai Distribusi, dan mafia tetap beroperasi nantinya akan tetap bisa langka. Awasi setiap jaringan distribusi seluruh Indonesia.",normal
142,Malam nisfu syaban gak ada pemerintah minta maaf sama masyarakat soal ironi minyak goreng? Di tempatku minyak goreng mulai jalan di harga 24ribu - 25ribu/liter. Akibat sok disubsidi jadi langka dan naik harga. Jatohnya masyarak lagi yang kena.,negatif
143,"Setelah langka, kini minyak goreng kembali mudah dicari di berbagai minimarket. Para produsen dan pedagang berhasil ""memaksa"" pemerintah untuk menaikkan harga minyak goreng dengan cara membuatnya langka. Luar biasa Indonesia. Hebat!",normal
144,"Stok berlimpah tapi harga melonjak naik hingga 50% setelah kebijakan HET dicabut, imbuh perempuan yang juga seorang entrepreuner itu.",normal
145,"Masalah minyak Goreng luar biasa, Betapa hebatnya pedagang negeri ini sekarang ketika mereka bisa memainkan perannya sebagai PENGONTROL pemerintah dan bahkan bukan sebaliknya, Ironi memang, Lihat saja ketika harga terbuka, Minyak goreng yang katanya langka malah stoknya penuh.",negatif
146,"Pablo escobar cabang kartel minyak gorengBeberapa waktu lalu minyak goreng langka, harga meroket. Kemudian harga meroket itu disahkan oleh pemerintah dan stok minyak goreng hari ini kembali normal. ",normal
147," Taun 1965,taun 1998 indonesia minyak langka soekarno lengser soeharto lengser dan satu lagi indonesian negara dengan penhasil sawit terbesar didunia masa minyak goreng langka dan kenapa pemerintah sibuk bahas radikal ikn teroris padahal masalah kompleks dimasyarakat banyak",bot
150,"Itulah klau pemerintah Sdh di ikat sama oligarki.sulit bergerak seakan2 tersandera di negri sendiri.bayangkan negri ini penghasil sawit terbesar bsa2 nya minyak goreng langka dan kalau pun ada mahalnya nauju billah,mngkn org luar geleng2 kpla liat masalah kita ini ya lbh 1bln lho",negatif
151, Mestinya komentar ditujukan ke pemerintah knp minyak goreng bisa langka dan mahal IBU MANTAN PRESIDEN.,negatif
152,Pak setiap akan ada oprasi pasar selalu penuh minyak goreng... Tapi setelah apasi pasar selesai... Kok minyak goreng langka dan harga selalu jauh dari harga yg di tetapkan pemerintah... Jadi gimana nasib rakyat penjual gorengan untuk nafkah keluarga... ,normal
153,"Minyak goreng kan bukan komoditas yg diatur tata niaganya oleh Pemerintah, artinya harga ditetapkan oleh mekanisme pasar. Peran pemerintah kecil. Tiba pemerintah secara sepihak menetapkan harga 14ribu, darimana datangnya angka itu? Itu sebabnya mrk tarik stoknya dan jadi langka.",negatif
154,"Edyaannnn....HET minyak goreng dicabut ma pemerintahYg awalnya langka, stlh aturan ini kluar, pst bny stok dipasarHahahahhahah",negatif
155,"Disaat minyak goreng langka, kenapa tidak ada pejabat pemerintah sampai ke tingkat ASN/PNS, TNI / Polri",normal
156,Saat ini minyak goreng sudah tersedia dimana2 tetapi harganya meroket...seharusnya pemerintah langsung ambil keputusan turunkan harga migor saat ini juga...agar warga bisa segera membeli migor dimana mana.....setelah migor langka  naikkan lagi harganya....ualng2 terus aja he he,negatif
157,"Kata siapa sih minyak goreng langka? Di gudangnya loh bejibun, sampe ga ada tempat lg buat nyimpen. Gara2 kemarin pemerintah bikin harga subsidi 14rb per liter. Retail2 pada nyembunyiin di gudangnya. Katanya klaim subsidi ke pemerintahnya sulit. Jd mereka ogah jual harga 14rb.",negatif
158, Udah dibilang. Minyak goreng langka itu bukan karena ada yg bermain. Tp karena HET yg ditentukan pemerintah terlalu rendah. Padahal CPO itu naik jauh loh,normal
159,"Harusnya pemerintah melarang ekspor kelapa sawit, perintahkan pengusaha memenuhi kebutuhan dalam negeri.Agar minyak goreng tidak mahal dan langka.",normal
160,"kebijakanminyakgoreng ditetapkan pemerintah agar minyak goreng tak lagi langka di pasaran. Pak hrt juga menetapkan minyak curah sebagai minyakgorengsubsidi. Jadi dengan subsidi yang diberikan, masyarakat bisa membelinya di pasar tradisional seharga 14Ribu/L  ",normal
161,"Menurut Ketua DPR RI Puan Maharani, kelangkaan minyak goreng terjadi karena buntut dari permasalahan tingginya harga. Namun, setelah pemerintah memberlakukan kebijakan HET, stok minyak goreng justru menjadi langka.",normal
162,"Puanesia, mba Puan tidak sedang mendongeng, ia selalu berpijak pada apa yang memang harus dilakukan pemerintah.Ia ingatkan pemerintah utk segera menyelesaikan berbagai persoalan migor. Apalagi sebentar lagi kita memasuki Ramadan.",normal
163,Stok di pasaran kelihatan dibuat langka sampai akhirnya pemerintah mengalah dan membiarkan harga minyak goreng kemasan mengikuti harga pasar. Tentu saja dengan tetep memproteksi harga minyak goreng curah melaui skema subsidi lewat BPDPKS.,negatif
164,"Jangan asal bicara. Puan lebih berguna dibanding anda. Sudah baca berita yg ditag ibu Susi?Jelas-jelas di situ mba Puan meminta pemerintah segera menyelesaikan berbagai persoalan terkait migor. Biar tak asal bicara, baca lagi ini mas",bot
165,"kemarin bilangnya, minyak goreng langka, karna pengaruh perang rusia-ukraina. sekarang begitu harga ketentuan dari pemerintah dicabut",negatif
166,Dengan Kasus Minyak Goreng yg tadinya langka. Lalu jd tiba stok banyak dalam hitungan jam saat HET dicabut.menandakan PEMERINTAH INDO disetir OLIGARKI. sekali boneka tetap boneka. meski naik motor!,negatif
167,"Helo Puanesia, minyak goreng memang langka dan mahal, walau ini hal serius, tapi tidak usah pula kita mencibir terlalu keji ke arah pemerintah.Solusi lebih berharga",normal
168,"Mundur aja Pak  Anda gak mampu, malah bikin malu pemerintah,",negatif
169,"Kok bisa para distributor minyak goreng serempak nimbun minyak? Baru kali ini kan minyak langka.. Aneh banget pemerintah ga bisa nyelesaikan masalah sepele gini. Dan ujung ujungnya minyak naik, langsung pada keluar itu hasil timbunan wkwkwk",negatif
170," Pemerintah bisa ga dituntut oleh keluarga yg meninggal akibat mengantri minyak goreng, migor langka bukan krn ga ada tetapi ditahan pengusaha sampe keluar keputusan dari pemerintah. Mendag nya penipu pula, nuduh kmn2 krn migor langka... MendagPenipu",negatif
171,"Subsidi Pemerintah Dicabut, Minyak Goreng Masih Langka di Lamongan ",negatif
172,"Ironi Negeri Produsen Sawit, Minyak Goreng Langka Rakyat Kesusahan RezimJokowi, Pengusaha Jadi Penguasa, Hukum Dagang Berlaku, Rakyat Menjerit Pemerintah?????",negatif
173,Bukan malasah pendukung cung...loe tolol...saipapun persidenya klu ga mementingkan rakyat kritik cung...otak loe dimana...minyak goreng rakyat kesusahan loe mingkem kayak tempe bacem...harga diatur pemerintah minyak langka..giliran hrg dicabut stok banyak...gitu cara kerja,negatif
174,"Minyak Goreng Kemarin Langka Sekarang Pasokan Melimpah Tetapi Harga 2x  Lipat,Ya Tetap Aja Rakyat Menjerit.Apa Peran Pemerintah?",normal
175,"hebat pak hebat keren pak, bisanya lempar statement mulu, kemarin langka katanya ibu2 simpan minyak goreng, skrg lepas harga migor tanpa HET minyak langsung ada, berarti ibu2nya kembaliin ke pasar yah tuh minyak, hebat nih pemerintah, keren, Indonesia hebat!",negatif
176,"Azizah (30) seorang ibu rumah tangga dan pengusaha jasa boga  kecil-kecilan mengaku heran dengan keberadaan minyak goreng.Kata dia, minyak yang tadinya langka, kini mudah didapat setelah pemerintah resmi mencabut subsidi minyak goreng.Azizah menuturk",normal
177,"Ironi, salah satu penghasil minyak sawit terbesar dunia, tapi minyak goreng langka dan ketika pun ada mekanisme harga diserahkan ke pasar, jadi apa fungsinya Pemerintah?Ini yg kalian bela bela 3 periode?",negatif
178,"Jngn terlalu serius kawan,karena pemerintah sdng tidak serius mengurusi negara ini kalau minyak goreng langka metode memasak tinggal rebus sj,hidup jngn dibikin sulit kalau bisa dipersulit kenapa di permuda kalau bisa dipermuda kenapa ngk dipersulit semua akan gila pd waktunya",negatif
179,"""Kami meminta komitmen pemerintah untuk menyelesaikan persoalan minyak goreng yang masih langka di pasaran dan membuat masyarakat kesulitan,"" ujar Puan Maharani. TempoNasional ",normal
180," tadi pagi saya udh ngecam penimbun minyak goreng udh tak doain jelekbaca aja teel sayaminyak bukannya langka emang ditimbun koqpemerintah kesusahan melawan mafia migor, kita liat nanti siapa yg menang, pemerintah atau kartel",negatif
181,Gersang... Hanya gara gara minyak goreng langka. Pas munculHarganya edan edanan... Katanya penghasil cpo terbesar dunia!!! Sebenarnya apa sih kerja pemerintah sama presiden nya. ,negatif
182,"RUSIA VS UKRAINA ? Tunggu sebentar sebelum lanjut, kok minyak goreng dalam negeri langka akibat perang? Kebun sawit berlimpah, kebijakan batasan ekspor",negatif
183,"Minyak yang tadinya langka, kini mudah didapat setelah pemerintah resmi mencabut subsidi minyak goreng. ",normal
184,"Mendag Lutfi mengakui keputusan pemerintah menentukan Harga Eceran Tertinggi (HET) minyak goreng membuat pasokan surut, bahkan langka. Mendag ",normal
185,Apakah pemerintah jamin kan minyak Goreng langka?,normal
186,Dari murah mulai langka dan sekarang banyak dengan harga mahal... Pemerintah gak bisa memecahkan perkara minyak goreng.. siap2 bakal ada kelangkaan untuk bahan pokok lain,negatif
187,"Minyak Goreng mahal dan Langka, Pemerintah  melanggar Konstitusi dan mengkhianati rakyat. Itu lahan sawit bukan tanah warisan warga Tiongkok. ",negatif
188,"Pemerintah udah bikin sistem kan di video di atas?Jalur udah dibagi, ada marka, kondisi jalan lumayan bagus, pembatas jalan bagus, ada aparat yg menjaga. Lah lawan arus? Lah maki2 aparat?Urusannya sama pemerintah apa? Minyak goreng langka? Boros APBN buat IKN? Apaan?",normal
189, Yg kemaren ngumpetin minyak waktu regulasi HET 14000/L ga ditindak Giliran HET minyak goreng kemasan dihapus..langsung melimpah stock dipasaranIni yang pinter siapa sih...pemerintah atau pengusaha Apa ga mikir HET minyak curah 14ribu/L akhirnya akan langka juga,negatif
190,"minyak goreng langka  tiba2 melimpah tapi harga melambung, kebodohan yg di pertontonkan kepada Rakyat, kalau pemerintah tak berdaya melawan pengusaha apa akan berhenti sampai disini tidak, sebentar lagi GULA ",negatif
191,"Seharusnya pemerintah bisa sadar utk lindungi kebutuhan masyarakat kecil, masak minyak goreng bisa harganya sampai mahal?Malah pemerintah hrs buat spy harga minyak goreng jd murah shg bisa terjangkau masyarakatDi saat minyak goreng langka, pemerintah sibuk pamer parade MotoGP",negatif
192,Minyak goreng harga naik karena alasan apapun,normal
193,"Pemerintah netapin HET (harga eceran tertinggi) buat minyak goreng, stok jadi langka.Peraturan HET dicabut, harga ikut mekanisme pasar, stok langsung berlimpah.Wow",normal
194,"Karena harga minyak 2 bulan terakhir makin naik dan langka juga, sekarang pemerintah berikan subsidi minyak goreng kelapa sawit untuk masyarakat kita. Semoga merata ya ",normal
195,Bagaimana jika HET diberlakukan kembali dibawah harga Ritel yang berlaku saat ini. Jika pencabutan HET menghasilkan angka Rp. 24.000/liter dan Pemerintah menetapkan kembali HET Rp. 19.000/liter apakah kemudian Minyak Goreng kembali langka / hilang dipasar hening  ,normal
196,"Hany sehari setelah pemerintah mencabut HET minyak goreng kemasan, pasokannya melimpah ke toko ritel, pasar, hingga super market. ",normal
197,"Minyak Goreng Langka Bukan Salah Pemerintah, Ustadz Dasad Tapi Karena Milih Pemimpin Yang Sogok Pakai Uang!LuhutJokowiMakarKonstitusi ",bot
198,"Minyak Goreng Langka Bukan Salah Pemerintah, Ustadz Dasad Tapi Karena Milih Pemimpin yang Sogok Pakai Uang  ",bot
199,"Solar langka, minyak goreng langka. Tinggal di riau sama aja. Jangan nyalahin pemerintah ?",normal
200,"Bukan sulap bukan juga sihir, stok minyak goreng yang sebelumnya sempat menjadi barang langka kini melimpah ruah di rak toko ritel modern setelah pemerintah pusat mencabut Harga Eceran Tertinggi (HET). Baca selengkapnya di sini. ",normal
201,"setuju justru karena dikontrol menciptakan black market dan minyak goreng langka di pasar, biarkan mekanisme pasar saja dan pemerintah serta produsen minyak goreng bantu bazar murah migor dgn prokes",normal
203,"Minyak Goreng Langka Bukan Salah Pemerintah, Ustadz Dasad Tapi Karena Milih Pemimpin Yang Sogok Pakai Uang!",bot
204,"sebagai pemilik UKM saya maklum mengapa minyak goreng langka ? karena margin harga jualnya mungkin tidak menutup biaya produksi sedangkan PENGUASA PEMERINTAH YANG KONON KATANYA HEBAT INI  BUAT ATURAN POKOKNYA SESUAI HET, OTAKMU PECAH !!!! BERPIKIR POSITIF KAMU PENGUASA !!!!!",negatif
205,"analisa ya 1-beberapa negara sedang krisis minyak mentah,2-permintaan ekspor minyak mentah dr Indonesia meningkat,3-pengusaha sawit ingin menjual mahal, 4-aturan pemerintah bahwa kebutuhan minyak dalam negri harus terpenuhi, 5-fakta d masyarakat minyak goreng/solar justru langka",normal
206,jangan2 pemerintah bikin minyak goreng langka supaya masyarakat bisa hidup sehat√â,normal
207,Ini yang paling masuk akal penyebab minyak goreng langka. Harga cpo dunia tinggi kok suruh dijual murah. Apalagi pemain besar minyak goreng di Indonesia itu pihak swasta. Semakin kecil kontrol pemerintah.,normal
208,"Negara penghasil sawit terbesar di dunia, tapi kenapa minyak goreng bisa langka dan harganya mahal??? Jika alasannya karena ada mafia2 yang nimbun, berarti tugas pemerintah menyapu mafia2 itu.Lah ini malah naikin harganya",negatif
209,Ya bisa lah kan ada banyak yg punya gudang untuk nyetok ditiap2 kota tinggal tunggu komando dalam waktu singkat minyak goreng sudah membanjiri pasar domestik dgn harga 23 K/L yg jadi pertanyaan dgn HET 14.000/L jadi langka padahal katanya sudah disubsidi pemerintah.,normal
210,"Minyak Goreng Langka Bukan Salah Pemerintah, Ustadz Dasad Tapi Karena Milih Pemimpin yang Sogok Pakai Uang ",bot
211,"schloss Yg gw bela membasmi kadrun karena kadrun menyebar kebodohan dan kebencian karena kadrun virus yg sangat berbahaya dari segala virus paham kan drun, kadrun kdrun di adain komplen langka komplen yg punya usaha minyak goreng atau pohon sawit emang nya pemerintah dong",negatif
212,"Perkara minyak goreng langka harganya, para mahasiswa ini menuntut Pemprov Riau turun tangan. Tidak hanya itu, BBM jenis biosolar pun sulit didapatkan. ",negatif
213,"Jangankan buibu, i yg kerja di pabrik minyak goreng juga ga dpt minyak wkwk abis nih harga naik lg, fix kalo dr sudut pandang aku gatau ya bisa beda atau ga, yg salah sih itu tuh pemerintah karna dipake biodiesel semua akhirnya cpo langka dan harganya selangit.",negatif
214,"Setelah minyak goreng dgn harga 23 ribuan/liter dan 42 ribuan/2 liter Lansung tidak langka lgi minyak goreng..di mana"" serang full tanpa harus antri lgi .Kelangkaan minyak goreng berapa waktu yg lalu itu adalah permainan pemerintah  dan Indonesia",negatif
215,"Polri Mafianya dh pada tau kalo subsidinya cuma brapa hari doang, makanya pas ada subsidi dimana2 dibilang langka, padahal ditimbun. Paling tdk seolah2 pemerintah nampak ada kerjanya. Eh gk lama, bgitu aturan dicabut minyak goreng bagai disulap penuh sendiri dgn hrga tinggi",normal
216,"Negara sdh kalo dgn para oligarki  pengusaha minyak goreng, efek dr rencana kenaikan PPN 11%,. Dgn membuat langka dulu baru pemerintah bergerak dgn patokan harga dimana harga tersebut lebih mahal sebeulm kelangkaan, bahan baku kita punya, lahat sawit melimpah ada apa,",negatif
217,"Alhamdulillah. Terima kasih pemerintah, Pak . Minyak goreng sudah tidak langka lagi. Sudah tersedia di semua gerai. Sebagai warga negara yang baik, kami rela membeli meski harganya kini naik 2x lipat dari sebelumnya.Terima kasih. Terima kasih. Terima kasih.",normal
218,"Minyak Goreng Kian Langka, Pemerintah Kembalikan Harga ke Mekanisme Pasar ",normal
219,"Harga eceran tertinggi minyak goreng resmi dicabut, hal ini menyebabkan harga minyak goreng terpantau tembus Rp 20 ribu rupiah per liter. Setelah sempat langka, keberadaan minyak goreng kembali muncul setelah harga eceran tertinggi dicabut pemerintah. ",normal
220,"Lagi ramai soal minyak goreng langka dan tagar TangkapKartelMinyakGoreng, Anggota Ombudsman, Yeka Hendra Fatika menyarankan pemerintah memberlakukan HET hanya untuk minyak goreng curah, sedangkan harga kemasan premium",normal
221,"Ketika HET di cabut minyak goreng penuh menghiasi rak-rak alfa,indo dan pasar artinya bukan minyaknya yang langka tetapi ada bangsat yang menyembunyikan minyak2 itu nunggu harga naik dan pemerintah tak berdaya dibuatnya.",negatif
222,"siapa yang bermain terkait minyak goreng langka beberapa waktu lalu? kok semenjak dinaikkan harganya, minyak goreng jadi bertebaran dan ga langka lagi. apa jangan2 hanya tipu daya atau strategi pemerintah buat menaikkan harga minyak goreng? supaya ga di demo kah? se-drama itu kah",negatif
223,"Negeri +62 catat sejarah, pemerintah kalah dgn pengusaha, minyak goreng langka...harga Selangit...jadi para kaum ibu dan bagian dapur...cukup rebus saja lagi",negatif
224,"Terima kasih pemerintah,terima kasih para pengusaha minyak goreng,strategi kalian sungguh hebat,kalian buat langka minyak goreng di pasaran sampai rakyat menjerit,setelah kalian lihat mereka menangis baru kalian adakan lagi minyak goreng dg harga baru yg lebih mahal,luar biasa",negatif
225,"Terima kasih PemerintahAkhirnya minyak goreng kembali bisa dibeli sebanyak2nya, tapi dengan harga pasar.Alhmadullilah gak langka lagi.Kalau inflasi ya ga usah ditutupi, biarkan pasar yg pegang kendali.Selamat datang bulan puasa. ",normal
226,Kondisi jauh berbeda ketika harga minyak goreng disubsidi pemerintah dan langka. ,normal
227,"Berminggu minggu minyak goreng langka di pasaran, rakyat bersusah payah antri, lalu pemerintah Indonesia pimpinan Pa  turun tangan dgn cara menaikan harga, dan akhirnya minyak goreng banyak lagi di pasaran. Itulah kehebatan Pa ",normal
228,"pemerintah buat peraturan untuk minyak goreng HET (harga eceran tertinggi) maksimal 14 ribu/ liter, minyak goreng nya langka di pasaran.giliran aturannya di cabut, minyak goreng nya langsung bermunculan dengan harga 24 ribu/liter. hahahaha",normal
229,Kalo ga salah awalnya tuh emg dari harga minyak goreng mahal kan? Minyak mahal,normal
230,"Mohon maaf pak, ketika pemerintah gagal menurunkan harga minyak goreng dn sembako mungkin itu menandakan tdk efektif nya pemerintahan dn kepemimpinan,bukan kah keadilan dan kesejahteraan adalah janji politik,untk apa infrastruktur bila kebutuhan pokok mahal dn langka,",negatif
231,"Ini minyak goreng langka/mahal, ga ada yg mau demo apa ke pemerintah",negatif
232,"Bisa-bisanya minyak goreng langka di Indo padahal banyak bener kebun sawitnya Sekarang tiba-tiba stock jadi melimpah dengan harga 2Liter Rp. 47.900,- dengan catatan Sesuai kebijakan pemerintah",negatif
233,"Kapolsek Sepauk Ipda Heru Woldy, SH lakukan pengecekan ketersediaan minyak goreng di pasar Sepauk dan antisipasi penimbunan. Pada saat ini status minyak goreng langka, dan pelaku usaha maupun pemerintah tetap berupaya untuk memenuhi kebutuhan pasar. ",normal
234,"Apaan, semenjak HET dicabut, tiba-tiba jadi penuh gitu stok minyak goreng di Indomaret. Masyarakat lagi yang disalahin karena panic buying terus ditimbun.Pemerintah nyalahin masyarakat aja udah fatal, sih.",negatif
235,"Saat berlaku Harga Ecer Tertinggi (HET) Rp 14 Ribu, keberadaan minyak goreng langka Begitu harga sesuai mekanisme pasar di atas Rp. 20 ribu/kg stok langsung melimpah.",normal
236, minyak goreng langka itu gara gra pemerintah sendiri ngimport migor,negatif
237,"Pemerintah mengeluarkan kebijakan subsidi terhadap minyak goreng curah demi memenuhi ketersediaan yang sedang langka di pasaran. Namun, kebijakan ini menuai kritik. kumparanNEWS ",normal
238,"Sebenarnya kalo pemerintah dari awal jujur bilang ada krisis energi, aku pribadi percaya aja. Lucu aja di negara2 lain udah koar2 krisis BBM dari akhir tahun lalu terus tiba2 minyak goreng langka itu bisa jadi hal logis.Kita gak tahu permainan pejabut + pengusaha gimana, jadi..",normal
239,"Minyak goreng sedang langka.Demokrat *bagi-bagi minyak gratis*Sus ngl, what a perfect days for partai oposition buat pencitraan, sudah ada covid terus perang ukraine vs russia.. the condition is not getting any better for pemerintah. ",negatif
240,"Soal minyak goreng pada dasarnya pemerintah tidak bisa mengatur pengusaha untuk menjual dg harga normal. Negara ""kalah"" dg Pemilik modal (pengusaha). Saat harga normal stok langka, saat harga naik 2x lipat stok penuh. Jadi yg kemarin nimbun migor siapa? Tp rakyat yg dicurigai",negatif
241,"Minyak Goreng Masih Langka, Aleg PKS Pemerintah Harus Segera Selesaikan Krisis!  lewat  |  fraksipksdprri bersamamelayanirakyat pksawasikabinet pkspelayanrakyat~ ",normal
242,"Meskipun bulan suci ramadhan sebentar lagi, Alhamdulillah berkat MotoGp dan Minyak Goreng Langka, ramadhan kali ini sikopid mungkin sudah tidak ada.Terimakasih Pemerintah TangkapKartelMinyakGoreng TangkapKartelMinyakGoreng ",normal
243,Anggota Komisi VI DPR dari Fraksi Partai Demokrat Herman Khaeron mengingatkan pemerintah untuk serius dalam menguasai sumber daya alam untuk hajat hidup orang banyak.INAZeroNegarawanINAZeroNegaeawan,normal
244,Minyak goreng~Salah sendiri perlunya 1 dibilang langka pada berbondong bondong beli 1 dosBanyak yg ga kebagian~ akhirnya stok menipisNamanya barangnya dikit yg cari banyak ya harga naik~Pemerintah bikin het~Tpi tetep aja 1 orang di batesin 1 yg dateng serumah~,normal
245,Apa jangan-jangan minyak goreng langka merupakan upaya pemerintah agar masyarakat lebih banyak memakan rebusan dan kukusan agar lebih sehat sehingga masyarakat memiliki peluang lebih besar untuk menunggu JHT cair di umur 56 tahun?,normal
246,"Ambil positifnya aja, dg langka dan mahal minyak goreng secara tidak lansung pemerintah memperhatikan kita untk hidup lebih sehat. mulai dgn Buek samba Gulai Simpadeh, Sayue abuih pandanUwok taruang , sambalado, Ikan bakaJan Acok Lo manggulai santan Beko lain Lo nan ka Tibo",normal
247,"""Sesuai kebijakan Pemerintah"" minyak Goreng Naik . Sadis !!! Setelah pengumuman kenaikan tsb, rak2 mart adh penuh dgn migor yg sempat langka. Ampun !!! ",negatif
248," Seperti permainan yg sdg dimainkan, sebelum Minyak Goreng langka ada permintaan Minyak Goreng Curah dilarang akan tetapi Pemerintah menolak sejak saat itu Minyak Goreng terjadi kelangkaan..Pemerintah dan Aparat bisa mengetahui dalang permainan  Minyak Goreng ini..",negatif
249,"Pemerintah resmi mengembalikan harga minyak goreng kemasan ke harga pasar.ibarat buah simalakama, ketika di turunkan minyak goreng kemasan menjadi langka dan bahkan di timbun,tapi setelah di kembalikan ke harga pasar,stok minyak goreng kemasan di sejumlah daerah utuh",negatif
250,"Mirip, disini minyak goreng langka, fishy bgt di negara yg penuh dgn lahan sawit, bikin banyak orang di banyak daerah harus antri berjam-jam, trusan skrg harganya jadi meroket, oleh orang-orang yg tahun 2018 disubsidi pemerintah 7,5T",negatif
251,Ini Pemerintah ga mau memperbaiki Minyak Goreng apa ? Harga dan pemasaranya yg bisa sampe Langka begini TangkapKartelMinyakGoreng,negatif
253,"Solar langka, Minyak goreng 2 ltr diatas 45 ribu..Intinya Pemerintah kalah dengan Pengusaha cc ...MinyakGoreng ritel",negatif
254,Waktu MINYAK GORENG 14 ribu Stok langka bahkan tidak adaTapi saat MINYAK GORENG Naik Stok langsung melimpahItu Artinya PENGUSAHA MIGOR Nimbun dan Pemerintah hanya bisa diam saja tak berdayaMEMALUKAN DAN MENJIJIKAN Pemerintah kalah dengan MAFIA,negatif
255,"Selain banyaknya produk yang dijual ke luar negeri, kelangkaan diperparah dengan banyaknya pedagang yang bermain mencari keuntungan di balik kelangkaan minyak goreng ini.",negatif
256,"Kegaduhan di Negri ini tercipta dari Peraturan dan kebijakan yang dibuat dari Pemerintah sendiri dari peraturan soal TOA Mesjid, harga minyak goreng yg kata Menperindag stock aman, tidak langka tp Kenyataanya? label HALAL sampai sama persis dengan Gunungan Wayang Maksud nya apa?",negatif
257,Stok minyak goreng yang kemarin langka tiba2 stoknya melimpah di supermarket dengan harga yang melejit naik setelah HET migor dicabut. Ini mah namanya bukan hebat Pak  tapi pemerintah kalah sama konglomerat sawit.,negatif
258, Stok minyak goreng yang kemarin langka tiba2 stoknya melimpah di supermarket dengan harga yang melejit naik setelah HET migor dicabut. Ini mah namanya bukan hebat Pak  tapi pemerintah kalah sama konglomerat sawit.,bot
260,"Otak kadrun yaa gitu disana sini triak minyak goreng langka , pemerintah salah uruslah ga taunya dia yg nibun dia yg jual , dasar biadap benr orang berkelakuan spert ituu !!!!Tangkap dan bui orang penanggung jawabnya ituu Cc Polri",negatif
261,"Kebijakan pemerintah menghapus HET utk minyak goreng kemasan premium, membuat stok banjir di supermarket.Ternyata selama ini minyak goreng tidak langka tapi sengaja ditimbun. Fakta bhw rezim ini tunduk dgn tekanan oligarki.TangkapKartelMinyakGoreng TangkapKartelMinyakGoreng",negatif
262,"Nah sudah tahu harga minyak goreng naik di pasar international, pemerintah tetapkan harga eceran tertinggi dibawah harga international. Ya produsen ogah jual semua ke lokal . Makanya minyak goreng langka. Pengusaha lebih milih ekspor.",negatif
263,"2 Liter Minyak goreng asalnya naik trus sampai 38rb, trus dipatok pemerintah 28rb, trus barang menghilang dan langka, eh pemerintah tetapkan harga 47.9rb.kebijakan yang menyengsarakan rakyat!",negatif
264,Kalau masih pacaran yang di pikir cuma  main dan sayang2an ajaKalau udah nikah yang dipikir minyak goreng langkaHadeh bener2 merasakan dampaknya bund buat dapur.... Udah saatnya saya menyumbang lemak di tubuh buat dijadikan minyak ke pemerintah wakanda,negatif
265,"Minyak Goreng Langka, Ali Rasyid Minta Pemerintah Daerah Lakukan Sidak ",bot
266,"2010 Perkebunan sawit terbesar dunia,tapi minyak goreng langkah.artinya pemerintah tidak bekerja,6 blm yg lalu negara barat langka minyak goreng,sekarang terjadi juga di negri ini berarti ketidak mampuan Negri ini bekerja.",negatif
267,"Pada saat minyak goreng disubsidi pemerintah, jadi langka..!!! Ehh...pada saat subsidi ditarik (dikembalikan kepada mekanisme pasar) malah sekarang banyak bertebaran dalam waktu sekejap di rak-rak supermarket...Wkwkwk...berarti mereka menimbun juga...Semangat pagii kamuh. ",negatif
268,Dari pemerintah 15k tapi langka karena langka dari pihak ketiga keempat jadi 70k )Aku bbrp minggu ini ga ketemu merk yg biasa aku pake kayak sunco atau tropica dapatnya merk Fitri iyaa Fitri baru aku tau ada nama Fitri minyak goreng ada yg merk JagO.,normal
270,"Ktk harganya rendah sbgmn ketetapan pemerintah, barang langka di pasaran, pmrnth pun seolah tdk berdaya atasi problemnya,to ktk harganya dilepas ke pasar,tiba2 barangnya melimpah, apa negara tlh kalah sama produsen minyak goreng? Kok teriakan negara tdk boleh kalah tdk menggema? ",normal
271,Hrga minyak goreng kemasan 14rb per liter,normal
272,Sebelum minyak goreng disubsidi pemerintah,normal
273,"Minyak goreng naik lagi? Langka lagi? positive thinking aja mungkin kita disuruh pemerintah nyoba segala masakan dikukus atau di rebus wkwk biar makin sehat, namanya juga negri wakanda gak heran udah",normal
274,"Pemerintah oh Pemerintah, harga minyak goreng dibuat murah tapi barangnya langka. Penimbunan di mana2. Setelah itu sekarang dibuat lagi harga tetap yang langsung melejit",negatif
275,jangan jangan minyak goreng langka akal-akalan pemerintah doang biar masyarakat beli air fryer????,negatif
276,"Rakyat tersakiti dengan kebijakan pemerintah, Logika Minyak Goreng langka, ketika harganya naik muncul kembali minyak gorengnya",negatif
277,Minyak goreng langka seblum perang rusia bu ga usahlah membela diri percuma rakyat sudah tau pemerintah ga perhatian sama rakyat sendiri dah gitu aja,negatif
278,"Polisi bekerja cepat,Ini gerombolan teriak2 nyalahin pemerintah minyak goreng langka, nggak taunya dia timbun di ganti merek *kita 212*...",negatif
279,"Minyak Goreng jadi langka di pasaran, tbtb muncul logo 212 dikemasan dan subsidi sebanyak 6ton minyak goreng. itu dilakukan oleh oposisi pemerintah. Apakah permainan politik oposisi menjatuhkan pemerintah ?",negatif
280,"Sempat tenang, karena pemerintah membuat kebijakan harga minyak goreng 14rb /liter.Tp masalah tidak sampai disitu kawan, karena banyak OKNUM yg menimbun minyak supaya langka",normal
281,"Hrsnya rakyat jg, jgn ikut permainan tengkulak, minyak goreng langka, yach beralih dgn cara di rebus air, masaknya, drpd kolesterol krn minyak goreng, pemerintah skrg gk becus kelola negara",normal
282,"MINYAK GORENG Langka, Pemerintah Cabut HET dan Bebaskan Pasar Tetapkan Harga, Benarkah Itu? ",normal
283,"RAKYAT  ""Bagaimana pak/buk, ini Minyak goreng Sudah sangat langka",normal
284,"Duduk dikereta udah full tiba2 di jarak lagiMinyak goreng mahal, pemerintah kasih subsidi tapi jadi langka, tiba2 HET nya dicabut tiba2 rak minyak penuh semua tapi harganyaa ga kira2.. Kenapa sih ?",normal
285,"Minyak goreng mahal krn yg dipasar itu bukan minyak distribusi yg ikut harga pemerintah, kan merk itu ngilang kemarin )) sabar aja nanti harganya normal lagi kok. Emg mahal tp ngga akan langka lagi.",normal
286,"""Kami meminta komitmen pemerintah untuk menyelesaikan persoalan minyak goreng yang masih langka di pasaran dan membuat masyarakat kesulitan,"" kata Puan. ",normal
287,Minyak Goreng PentingMinyak goreng langka disaat harga murah di subsidi pemerintah....kini Minyak goreng berhamburan dikala harga sudah menjadi harga pasar...MinyakGoreng MinyakGorengLangka minyakgorengpenting Jokowi,normal
288,"Dalam rapat terbatas kemarin, pak Jokowi membawa minyak goreng curah dan kemasan ke dlm ruangan. Mungkin utk memperlihatkan bahwa pemerintah serius mengatasi kelangkaan migor.Kapan rapat terbatas soal Esemka pak?Supaya dunia tau bahwa Esemka benar ada dan tidak langka?",normal
289,"Solusi dari pemerintah mengenai kelangkaan minyak goreng harga dinaikkan barang tersedia, harga di subsidi barangnya langka.Dukung 3 periode.",normal
290,minyak goreng kemasan dan curah harganya hampir sama oleh pemerintahMinyak goreng jadi langka Akhirnya pemerintah mengambil keputusan agar jangan langka Maka dikembang biakkanlah minyak goreng tersebut Agar jangan punah ,normal
291,Bukti ketidak becusan pemerintah dalam menangani minyak goreng kemaren alasannya curiga Bu ibu nimbun minyak di dapur ehhhh ini di naikin hrga nya biar keliatan wajar dan gk langka klo hrga segitu,negatif
292,"Pemerintah akan jamin minyak goreng tidak akan langka,cebong sorak sorai gembira ,padahal ( harga het dicabut), ini yg goblok siapa sih sebenarnya.",negatif
293,"Selesaikan masalah minyak goreng dgn cara tidak melakukan tindakan apa apa. Inilah yg dilakukan pemerintah, sebelum minyak langka memang mendekati harga sekarang dan minyak dipasar melimpah. Rakyat dirugikan dgn harga mahal , pengusaha menang, rakyat sengsara",bot
295,"Suka bingung sama kebijakan pemerintah yang makin kesini makin absurd. Setelah drama minyak goreng langka karena disubsidi, sekarang dramanya tambah memuncak subsidi dihapus dan harga minyak goreng tembus hampir 24 ribu. saveminyakgorengMinyakGoreng langkasubsidi",negatif
296,Emang masuk logika karena HET minyak goreng 14k jadi langka makanye dicabut...Blm pernah denger pemerintah yg konsisten parah sih jadi mau di harga berape nnati Kalo dicabut etdah,negatif
297,"Case 1 ""Warga teriak harga minyak mahal""Case 2 ""Minyak langka di pasaran"", Pemerintah tindak tegas upaya penimbunan minyakCase 3 ""PORLES MAGETAN PERCEPATAN VAKSINASI DENGAN BERBAGI MINYAK GORENG""Case 4 ""VAKSINASI GRATIS MINYAK GORENG DI MAPORLES BDG""Ditimbun siapa ya? hmm ",negatif
298,"Maaf nih,maaf bgt.Minyak goreng langka itu salah siapa ya?salah rakyat atau pengusaha?atau pemerintah?maaf...",negatif
299,"Akhir 2021 pemerintah larang peredaran minyak goreng curah- Februari 2022 HET minyak goreng curah 11.5rb, premium 14rb- Feb-awal maret minyak goreng langka- 16 Maret minyak goreng curah disubsidi jadi 14rb, Minyak kemasan 22-25rb dan seketika stok berli",normal
300,"Ini mah pure inkompetensi pemerintah dalam meregulasi kebutuhan negri untuk minyak goreng rumah tangga dan kebutuhan industri VS apapun yg bikin supply langka. Berkepanjangan, dan jadi lahan ""serangan subuh"" partai. ",negatif
301,Tidak akan langka lagi klo dah begini mah,normal
302,"Diliat liat kebijakan pemerintah tambah kesini tambah senewen semberono, di IRIAN RAKYAT DIADU SM APARAT, KKB MERAJALELA, MINYAK GORENG LANGKA, HARGA MENGGILA, MEREKA TIDAK MERASAKAN, KRN SEBULAN GAJI MEREKA CUKUP UTK SETAHUN... HATI MEREKA SUDAH TIDAK MERAKYAT..",negatif
303,CIREBON - Polres Cirebon Kota bersama Pemerintah Kota Cirebon melakukan inspeksi mendadak atau sidak ketersediaan minyak goreng di distributor yang menyalurkan ke ,normal
304,Minyak goreng langka 100% salah pemerintah atau mendag ,negatif
305,"Setelah pemerintah cabut peraturan harga eceran tertinggi, enggak kaget sih kalo nanti minyak goreng mendadak mudah ditemukan dimana mana dan udah gak langka lagi. Mau curhat ke presiden juga kayanya percuma, lagi sibuk ngurusin motoGP... ",normal
306,"Langka karena sengaja disimpan, karena pemerintah ngasih harga kemarin tuh 14rb perliter, sedangkan sebelum langka minyak goreng kemasan udah ada yg naik harganya 38rb per 20lt, makanya mereka kalau jual harga 14rb rugi,makanya yg dijual banyakan merk baru2, sekarang naik lagi",normal
307,Apakah ini yg di sebut kebijakan pemerintah katanya minyak goreng ada di supermarket dengan harga yg mihil. Ai murah langka ai mahal lobaa. Harga ga ngotak. Sing aya rezeki nya kangge sadayana,negatif
308,Harga minyak goreng akan naik lagi,bot
309,Minyak Goreng ga ada langka terus gimana nih pemerintah sibuk ngurusin yang lain??? Heeee nasib rakyat bisanya pasrah pandemic atau ga ga di fikirin lagi yang penting siapa dulu dapat minyak goreng.,negatif
310,"Minyak Goreng Langka, PKS Tuding Pemerintah Tak Bisa Melawan Tekanan Pengusaha ",bot
311,Wkt langka hrg minyak goreng msh 37 rb. Stlh rapat hrg 47 rb. Bkn ngasih solusi. Ini sih permainan pengusaha dgn pemerintah.,negatif
312,"minyak goreng curah masih langka di pasar sehingga menyulitkan usaha mikro, kecil, dan rumah tangga miskin. ",negatif
313,"Sengkarut Minyak Goreng Langka, Pemerintah Bisa Apa?  lewat .com",normal
314,Lebih baik pemerintah  menaikan harga minyak goreng kemasan dipasaran dengan mematok harga nasional yg lebih tinggi mis Rp 17 ribu/liter agar bahan baku CPO tidak diExport ke Luar Negeri secara berlebihan oleh pengusaha minyak karena harganya lebih tinggi dan langka rakyat antre,normal
315,"Itulah yg diharapkan penimbunDikasih pemerintah 14rb, mereka ambil bny dan tahanBgtu langka dan hilang dr pasaran, hrg melonjak, mendadak smua minyak goreng kluar dari persembunyian ",negatif
316,"Minyak Goreng Langka, Ombudsman Usul Pemerintah Pakai Jurus Ini untuk Menutup Celah Spekulan    MinyakGorengLangka MinyakGoreng PenimbunMinyakGoreng HET HargaMinyakGoreng Ombudsman",normal
317,"Minyak Goreng Masih Langka, Aleg PKS Pemerintah Harus Segera Selesaikan Krisis!  lewat  | ",bot
318,"Seinget gue, dulu sblm minyak goreng langka, harga normalnya 32-34k an. Ko skrg harga program pemerintah dicabut malah jadi 48k. Mahal bgttttt! pdhl Indonesia penghasil kelapa sawit terbesar, tp knp harganya bikin nyekek bgt yaaa",negatif
319,"harus nya pemerintah malu, minyak goreng langka da hrg masih mahal di pasaran..,",negatif
320,"Mari kita lihat dan tunggu aja bakalan bener terealisasi apa enggakMinyak goreng langka, harganya dikembalikan pemerintah ke harga pasar, namun baru terealisasi pekan depan - BBC News Indonesia",normal
321,ga masuk akal minyak goreng langka...lahan kebun sawit diseluruh Indonesia berjuta-juta hektar...pabrik CPO bertebaran...sepertinya bagian dari beberapa perusahaan kebun sawit nakal yang izin-nya  dicabut pemerintah,negatif
322,Syalala ya uda gitu nyinyir sm pemerintah gerombolan penipu agama berkedok minta bantuan tp giliran dpt bansos paling depan antri dibank sambil gibah minyak goreng langka pdhl itu sdh ditransfer 1.5 jt..kpn musnahnya gerombolan kadrun.. jijik gosip jahatnya rasa mo muntah,negatif
323,"Pemerintah Harus Selesaikan Krisis Minyak Goreng! Sudah lima bulan krisis minyak goreng di Indonesia terjadi.. ini menunjukkan sebuah ironi terkait bobroknya tata kelola minyak goreng dari negara yang notabene penghasil 58% sawit dunia."" ~   ",bot
325,"Minyak Goreng Langka, Ombudsman Usul Pemerintah Pakai Jurus Ini untuk Menutup Celah Spekulan  ",normal
326,sekarang minyak goreng itu lho sdh langka !!! Kebon sawitnya masih magrong2 disini terbesar di dunia ...Kok ngurusi air .... Nanti biar sungai2 masih meluap klo pemerintah sebagai pengelolah air gak becus ya gak sampe 2030 air sdh langka !!! ,negatif
327,"Udah lama banget gak beli minyak goreng, terakhir beli pas harga 38k buat 2 liter. Ini belinya sebelum minyak goreng langka, harga sempet turun ngikut aturan pemerintah",normal
328,"Minyak goreng langka, harganya dikembalikan pemerintah ke harga pasar, namun baru terealisasi pekan depan",bot
329,"Terbaru, pemerintah mencabut Harga Eceran Tertinggi (HET) Rp 14.000 per liter untuk minyak goreng kemasan. minyakgoreng minyakgorenglangka minyakgorengcurah subsidiminyakgoreng hargaminyakgoreng pandangan pandanganjogja ",normal
330,Pemerintah maunya apasih skrg MINYAK GORENG UDAH LANGKA MAHAL PULA ga Mikir banget,negatif
331,Kasus minyak goreng ini yg salah bukan masyarakat sama pemerintah aja sih kalo kata aku. Tapi pihak produsennya juga ambil peran. Semenjak harga subsidi minyak tiba tiba langka. Tapi anehnya ada partai yg bisa ngadain pasar minyak murah. Nah sekarang harga normal langsung banyak,normal
333,"Minyak Goreng Masih Mahal dan Langka, Pemerintah Akan Perhatikan Jalur2 Distribusi ",normal
334,"Kenapa minyak goreng langka? Krn hrg CPO naik, knp harga CPO naik? Krn pemerintah membatasi ekspor sawit. Knp dibatasi? Krn penerapan bea keluar utk produk CPO.",normal
335,Pemerintah memutuskan untuk memberikan subsidi minyak goreng curah sebesar Rp 14.000 per liter. Hal ini melihat kondisi di lapangan bahwa harga minyak goreng masih mahal dan langka di pasaran.Selengkapnya di  ,normal
336,"Minyak goreng dan solar langka di pasaran, begini solusi dari pemerintah ",normal
337,"Nah itu, isu2 yg diambil pemerintah kurang membumi. Di akar rumput masih rebutan minyak goreng yg langka, eh elitnya malah sibuk soal penundaan pemilu.",normal
338,"Ngomong big data tapi tidak di publis big datanya. Siapa saja yg di survei, dan bagaimana metode surveinya. Ah sudahlah.. lebih baik pemerintah fokus terkait minyak goreng yg langka dst, daripada ribut soal penundaan pemilu",negatif
339,"Inilah Penyebab Minyak Goreng Langka dan Harganya Mahal, Padahal Pemerintah Klaim Stoknya Melimpah  lewat ",normal
340,"Masih Langka, Pemerintah Naikkan HET Minyak Goreng ",normal
341,Lagi dan lagi korban jiwa yang tak seharusnya berjatuhan terjadi. Harus segera diusut oleh Pemerintah dan harus bergerak cepat agar minyak goreng tidak langka ,normal
342,"salam reformasi, minyak goreng di Malaysia ngak langka padahal NKRI punya lahan sawit jutaan H, disini kewalahan nya Sistim pemerintahan dari pusat,Karna ngak Ada koalasi partai oposisi di Dalam pemerintah yg mengawasi perjalanan pemerintahan ",negatif
343,"Pemerintah telah melakukan berbagai skema kebijakan untuk mengatasi kelangkaan minyak goreng. Terbaru, pemerintah mencabut Harga Eceran Tertinggi (HET) Rp 14.000 per liter untuk minyak goreng kemasan, sementara minyak goreng curah akan disubsidi. TopNews  ",normal
344,"Pemerintah mending g usah subsidi harga minyak goreng tapi stok barangnya melimpah.  Daripada disubsidi tapi barangnya langka. Cukuplah Hamba lelah ngurus 2 balita dan pasien2 dirumah . Ditambah skrg kudu keliling supermarket nyari2 minyak, diwarung2 jg udah ga ada pula.",negatif
345,Masalah kelangkaan minyak goreng di Indonesia masih belum teratasi. Kini pemerintah membuat kebijakan baru. ,normal
346,"FAKTA  Indonesia adalah penghasil CPO terbesar di dunia!Kalau sampai di Indonesia sendiri LANGKA, artinya Pemerintah menyembunyikan FAKTA diatas.Sekarang silahkan pemerintah buktikan sebaliknya FAKTA diatas, setelahnya baru ngomong kalau minyak goreng LANGKA di dlm negeri.",negatif
347,Sdh jelas langka nya minyak goreng ini target pak  turun. Kmrn partai2 dan partai pro pemerintah ikut jual minyak goreng murah skrg kelompok intoleran. Logika aja mrk dpt begitu banyak migor pdhl dipasaran tdk ada.,normal
348,Ombudsman RI akan memeriksa dugaan maladministrasi kebijakan pemerintah terkait minyak goreng. ,normal
349,"Antrean minyak goreng belakangan kembali tampak di beberapa daerah. Sudah langka, harganya pun tak sesuai Harga Eceran Tertinggi (HET) yang ditetapkan pemerintah.merahputihcom minyakgoreng updateinfo ",normal
350,"Minyak Goreng Masih Langka, Pemerintah Akhirnya Beri Subsidi untuk Minyak Kelapa Sawit Curah ",normal
351,"Jdi jgn nyalah2in pemerintah ya, udah fix minyak goreng langka coz ada yg nimbun. Anjirr.",normal
352,"Salahnya mereka buat nama dagang ""Kita 212"", coba pakai merek palu arit..Jelas2 minyak goreng langka harga selangit, ni ada yg cuma re-packaging dan dijual sesuai HET yg ditetapkan pemerintah pun mereka grebek.",normal
353,"Minyak Goreng Masih Langka dan Semakin Mahal, Apa yang Harus Dilakukan Pemerintah? ",normal
354,Brg2 langka mndag impor dri LN dpat fee prkaya dri msuk kntong pribadi pa jokowi dikadalin diekspor sawit,negatif
355,"Tuh berita covid di China makin menjadi-jadi lagi dah naek. Tambah lagi si Omicron dah beranak katanya. Pemerintah sukanya ngasih angin segar ya )Sama kek harga minyak goreng diturunin, eh ga lama jadi langka.Banyak angin segar di bumi pertiwi ini )",negatif
356,"Alur minyak itu pabrik-distribitor dibagian ini yg menjual ke berbagai ritel,agen, besar,dari agen kemudian ke pasar-pasar rakyat.utk kebutuhan industri biasanya langsung antar pabrik.langka nya minyak goreng krn harga di standar pemerintah distributor tdk bisa main harga lagi.",normal
357,"Rakyat kecil sebenernya ingin didunia nyata itu ada kenyataanya,,Dan nyatanya minyak goreng yg harga standar pemerintah itu langka setidaknya sampai tulisan ini dibuat,,,Dan dari zaman presiden SOEHARTO baru kali ini terjadi deh kayanya,,,",bot
358,"Heemm dari zaman presiden SOEHARTO  baru krasa sekarang  yg namanya MINYAK goreng harga standar pemerintah langka,,,Ini yg perlu dipersalahkan siapa???Heran heran dan heran bgt,,,,",bot
359,Kalau pemerintah memperhatikan dengan sungguh-sungguh saya tidak yakin karena sudah sebulan lebih minyak goreng langka kok pak.,negatif
360,"Minyak Goreng Langka, Iwan Fals Kritik Pemerintah Lewat Lagu ",normal
362,Ombudsman Republik Indonesia mengusulkan kepada pemerintah untuk melepas penetapan harga eceran tertinggi (HET) pada minyak goreng kemasan.  ,bot
364,"Sependek yg saya dpt infonya ttg satu harga utk semua merk minyak goreng yaitu 14rb yg premium dan 11rb yg curah. Barangkali minyak goreng premium yg harganya di atas 14rb, sblm langka, kekurangannya disubsidi pemerintah.Yg aneh si Lutfi nya",normal
365,"Subsidi terus, tapi migor ttp langka karna dieksprot.   nya asal mangap dowang dan presiden Sibuk kemah. ",negatif
366,"karena distribusi , export dan produksi migor kan biasanya datanya lebih lengkap di pemerintah pusat. jadi bisa tau itu minyak goreng bisa langka karena apa? kalau pemerintah daerah yah gak gitu x ngurusin pabrik2 migor di daerahnya.",normal
367,Bos jangan memanfaatkan situasi buat ngejelekin org yg  km benci .minyak goreng langka krn ada oknum yg bermain nimbun...apa km ga lihat di kampung2 org dpt pkh?mulai dr beras ayam telor bawang merah bawang putih dll dpt gratis dr pemerintah????,negatif
368,Pemerintah fokus melayani terhadap kelompok masyarakat yang rentan terhadap kemahalan ,negatif
369,"Waktu itu, beras ada di posisi langka",bot
370,"Hai Pemerintah! Inilah Curhatan UMKM di Boyolali Akibat Minyak Goreng Langka, Karyawan Pun Terancam ",normal
371,"Ombudsman Ungkap 4 Dugaan Penyebab Minyak Goreng Langka, Salah Langkah Pemerintah Hingga Produsen Tak Mau Rugi ",normal
372,"Berita terbaru Minyak Goreng Langka, Arly Dondokambey Minta Pemerintah Segera Aktifkan Satgas Pangan  SatgasPangan",normal
373,"Maksudmu urusan minyak goreng langka urusan kecil? banyak warga yg butuh barang tersebut, berbulan bulan aja pemerintah gk becus ngurusnya. Sibuk air kendi. ",negatif
374,Dari masyarakat dihadapkan situasi langka dan tingginya harga minyak goreng di pasaran. Ini yang buat Pemerintah turun untuk mencari taunya SikatPenimbunMigor ,normal
375,"Dimana ada minyak murah, disitu pasti jadi antrean panjang. Sejak adanya subsidi pemerintah, malah langka ya minyak goreng heran SikatPenimbunMigor ",negatif
376,Monggo dibaca ya Pak. Kalau soal distribusi lamban dan langka coba tanya jg ke pemerintah yg lebih wajib mengurus ,normal
377,"Sebelum diborong demokrat,minyak goreng sudah langka.wajar bila menyalahkan pemerintah.dan juga demokrat melakukan aksi untuk mambantu rakyat,daripada PDIP yg dulu selalu demo,tapi sekarang sama sekali tidak terlihat moncong putihnya.boro2 PDIP bantu rakyat.",negatif
378,"Liat poto nya,malih...Yang dijual ibas itu minyak goreng curah. Minya goreng yang langka itu minyak goreng sawitMinyak goreng curah mo dilarang pemerintah dam di apihkam ke minyak goreng kemasanYg dijual partai lain itu minyak goreng kemasan bkn curah",normal
379,"Pesen ke Pemerintah pusat, Minyak goreng Langka, gula juga langka di Bangka Balitung...sdh ngantri spt beli tiket 121 Nobar.....",negatif
380,"Satu hal yg sangat menyedihkan selain minyak goreng langka,JKA (jaminan kesehatan Aceh) sudah tidak di perpanjang oleh pemerintah Aceh mohon kiranya mas Agus ada masukan untuk Pemda Aceh berhubung warga sangat membutuhkan jaminan tsb untuk berobat.",bot
381,"Minyak goreng ngga langka. Melimpah, cuman harganya ga sesuai yg ditetapkan pemerintah ",normal
382,"Saya pedagang, minyak goreng langka ini semenjak pemerintah menetapkan HET 14K.. sebelumnya walaupun harga mahal, berbagai merek tersedia dengan lancar.",normal
383,"menurutku kebijakan pemerintah nurunin harga minyak goreng salah banget. itu orang ngantri bkn sekedar karna murah tapi juga karna migor udah langka, bener2 ngabisin waktu, emosi dan tenaga pastinya.",negatif
384,"eh kok aku ga ngerti tentang kebijakan minyak goreng 1 harga yg ditetapkan pemerintah ya. Skrg di byk wilayah harga minyak melambung dan langka. Ga mgkn yg begini ga dikalkulasi dan dimitigasi resiko dong, pemerintah pinter2 smua loh orgnya disitu.",normal
385,sdri blg bahwa minyak mudah ditemukan di beberapa tempat..artinya di sini ada upaya membantu pendistribudian ke tempat yg langka..sebab smua ini kan dr pemerintah.. mengapa bs tjd pendistribusian minyak goreng yg tdk merata? ,bot
386,sdri blg bahwa minyak mudah ditemukan di beberapa tempat..artinya di sini membantu upaya pendistribudian ke tempat yg langka..sumber smua ini kan dr pemerintah.. mengapa bs tjd pendistribusian minyak goreng yg tdk merata?,bot
387,Kalo udah langka begini....kalian kemana ????? ,normal
388,"purwono salam reformasi, minyak goreng langka , ini lah akibatnya Sistim pemerintahan dari pusat, presiden Dan kabinetnya kewalahan meladani rakyat,beda jika koalasi prabowo-sandi jadi pemerintah di prov yg mereka menangi rakyat NKRI bisa Aman makmur",bot
389,"Bukan hanya langka tapi jg mahal...pemerintah belum mampu atasi ya, lbh sibuk urus IKN....sabar ya emak2...Minyak Goreng Langka di Negara Produsen Kelapa Sawit Terbesar di Dunia  lewat  Online",negatif
390,"penimbun kok ga salah kan bukan distributor/pedagang.kan dia anggota dpr seharusnya dia memanggil distributornya,memanggil pemerintah berarti dia ikut membuat langka minyak goreng demi merusak kerja pemerinta dan mengalihkan perhatian rakyat pd partai keluarga.kuda hitam.",negatif
391,"Lah pemerintah nya goblog.Ga mampu ngurusin minyak goreng.Tiap tahun kebun sawit nambah,Ironisnya minyak goreng nya langkaUdeh gitu nyalahin rakyat Krn panic buying.Dongok cebong",negatif
392,"1.Minggu ini kita disuguhi adegan lucu dari petinggi Partai Demokrat yang kebetulan. Anak mantan presiden SBY , pertama- tama diisyukan minyak goreng langka dengan narasi-2menjatuhkan pemerintah tak lama kemudian Ibas dengan percaya diri membagi- bagikan 16 ton minyak goreng",negatif
393,"goreng masih langka dan mahal, padahal bulan puasa sudah tinggal dua pekan lagi. PB HMI mendesak pemerintah agar mengatasi masalah bahan pokok.",normal
394,"Semua sibuk dg berita minyak goreng langka, bbm solar langka, lpg non subsidi naik, pertamax naik, hingga afiliator2 ditangkap.Sampai lupa kalau pemerintah sudah resmi menaikan tarif PPN sudah jadi 11% sejak awal maret 2022 ini.",negatif
395,"Minyak goreng dan dua penjahat*Terhitung sejak Januari 2022 pemerintah menggelontorkan minyak subsidi 250 Jt liter/bulan dengan anggaran mencapai 7,6 T.Nyata minyak goreng tetep langka. ",normal
396,"Masalah yang paling  utama ialah  , mengapa pemerintah  mendadak  mematok  harga Minyak goreng Jokowi Ambil Keputusan soal Minyak Goreng Langka Usai Kemah di IKN ",normal
397,"DPP LDII meminta pemerintah dapat mengawasi ketat produksi minyak goreng, agar mencukupi kebutuhan nasional dan terdistribusi dengan baik. Dengan pengawasan ketat, tidak lagi terjadi antrean.MinyakGorengLangka ldiiuntukbangsa dprri ",normal
398,"Kalo dipikir2 minyak goreng kan produk swasta. Jd bebas dong mereka mau jual kemana aja kan bukan milik negara jd gk diatur penjualanya sama negara, tapi kok minyak goreng langka nyalahin pemerintah.",normal
399,Presiden kemarin ketika di Yogyakarta mengecek langsung ketersediaan minyak goreng di sejumlah lokasi pasar,normal
400,"Tangkap dan tindak para anjing yg bermain2 dgn minyak goreng...jgn cm ancam sana acam sini.Minyak goreng langka itu nyata bahkan sdh merenggut nyawa, tapi tindakan pemerintah buat para anjing garong2 busuk yg bermain2 dgn minyak goreng blm tampak.",negatif
401,"Sekjen PKS Minyak Goreng Langka, Sudah Berfikir Bangun IKN. PKS minta Pemerintah fokus untuk mengawal dan menjaga kebutuhan pokok di dalam negeri, ketimbang mengutamakan wacana perpindahan ibu kota negara (IKN) baru. ~ 15 ",normal
402,"jokowi Saya mengecek langsung ketersediaan minyak goreng di sejumlah lokasi pasar dan toko swalayan di Yogyakarta, kemarin. Situasi ini -- minyak goreng langka di pasar -- tidak boleh dibiarkan terlalu lama. Pemerintah akan mengambil jalan keluar",normal
403,"Kan memang sudah lama sekali minyak goreng langka di pasar pak..harusnya pemerintah hadir melakukan action sudah dari beberapa bulan yg lalu..apalagi ini mendekati puasa dan lebaran, pasti semakin naik harga2.. cc om ",normal
404,"Saya mengecek langsung ketersediaan minyak goreng di sejumlah lokasi pasar dan toko swalayan di Yogyakarta, kemarin. Situasi ini -- minyak goreng langka di pasar -- tidak boleh dibiarkan terlalu lama. Pemerintah akan mengambil jalan keluar selekasnya. ",normal
405,"pemerintah jangan selalu membuat stigma rusia-ukraina perang menjadikan kenaikan harga segala aspek , minyak goreng langka aja ditimbun. sekarang hutan dibakar untuk bisa memproduksi minyak dari kelapa sawit kan?",negatif
406,"negara lagi pandemi, rakyat lagi susah, karyawan banyak kena PHK, minyak goreng langka tapi yang di urus TOA mesjid, Logo HALAL, *IKN (yang gak ada urgensinya sama sekali cuma ngejar legacy) aneh memang pemerintah burkinafaso.",negatif
408,Kenapa minyak goreng langka dan mahal? Ini penyebab minyak goreng langka yang sekaligus juga menjadi biang kerok kenapa minyak goreng mahal. ,normal
409,Daftar Alasan Minyak Goreng Langka dan Mahal Versi Pemerintah ,normal
410,"Bukan langka itu minyak goreng tapi emang sudah di siapkan untuk cari simpati. Jahat sekali kalian, eh pemerintah juga ga berdaya apa emang bermain",negatif
411,Anggota DPRD Kota Tegal yang juga Bendahara DPP PAN PAN Aljupri apresiasi pemerintah bebaskan syarat PCR dan Antigen untuk perjalanan. Namun juga sayangkan minyak goreng masih mahal dan langka.SuaraPAN,normal
412,"Minyak goreng langka, harusnya sejahtrwkan dulu rakyat, bukan mentingin yg gk penting buat rakyat..qmpun dh pemerintah..",negatif
413, kalo Pemerintah beneran kerja Minyak Goreng tidak langka di pasaran dan harganya normal,negatif
414,"Politkus PDIP itu meminta penegak hukum mengusut para oknum nakal yang memanfaatkan keadaan membuat minyak goreng semakin langka. Selain itu, Puan juga meminta Pemerintah tegas menindak pihak penjual yang menjual minyak goreng di atas HET. PuanAdalahHarapanPeduli Dan Melayani ",bot
415,"Disentil Kemah daripada Atasi Minyak Goreng Langka, Pemerintah Pasti Dirumuskan Setelah Kemah ",normal
416,"Minyak Goreng Langka Jelang Ramadhan, DPW PRIMA Sultra  Pemerintah Jangan Tinggal Diam IndonesiaPRIMAMenangkanPaancasila ",normal
417,"Minyak Goreng langka akibat export over yg sangat berlebihan, diduga pemerintah bermain dgn pengusaha utk mengejar PPN dan pajak lainnya bersumber dari CPO dan Refinery karena harga yg cuan besar,Mengabaikan prinsip-prinsip sila ke 5 Pancasila   ",negatif
418,"Soal minyak goreng langka memang adalah fakta.Bahkan sudah ada yang meninggal dunia saat antre mendapatkan (beli) minyak goreng.Terlepas hal pemilu dan politik apapun, masalah kelangkaan ini harus segera dibereskan pemerintah, misalnya dengan menembak mati para penimbunnya.",negatif
419,"Minyak goreng langka, udah terlalu lama. Pemerintah tak berdaya sepertinya, tapi parpol banyak lakukan aksi bagi-bagi atau jual murah. Pemerintah dikangkangin parpol.",negatif
420,"""Usut punya usut ternyata ditimbun. Oleh siapa? Konon oleh tujuh konglomerat tambun. Aku kesal, kok konglomerat tega? Aku resah, kok polisi tak berdaya? Aku marah, kok pemerintah begitu mudah dipermainkan? Aku geram, kok kasus itu terus berulang?""  ",negatif
421,"Negeri ini sengaja dibuat gaduh, biar Fokus dan Fikiran Rakyat nya Terpecah, dari mulai pernyataan Si Yaqut, minyak goreng Langka, isu Pemilu diundur, Pembunuhan dokter, terus saja isu Baru akan bermunculan, padahal inti semua itu adalah Kegagalan Pemerintah. Jokowi harus mundur",negatif
422,"Minyak Goreng Langka Jelang Ramadhan, DPW PRIMA Sultra  Pemerintah Jangan Tinggal Diam selengkapnya ",bot
424,"Mahal dan Langka Minyak Goreng, Pemerintah Harus Galakkan Pengusaha Kecil",normal
425,"Bukan mslh khawatir capresnya..sesuai gak konstitusi? Kondisi negara diambang kehancuran, kemiskinan meningkat, indikasi pemerintah gagal, tau diri lah..minyak goreng langka..antriannya merenggut nyawa..tobat kami rakyat ini..solusinya jgn kan tambah periode klo bisa ganti skrg",negatif
426,"Sy tanya balik anda sudah pernah cari di media blm hal baik yg sdh dilakukan pemerintah ??Oh iya sy tertarik tuh dgn nomor urut 13 yg anda share,sy minta link beritanya dongPertanyaan sy blm anda jwb, minyak goreng di tempat anda masih langka ?",normal
427,yang egois itunegara penghasil sawit terbesar duniaminyak goreng langkapemerintah salahkan konsumen dalam negeri.anda belom minum jamu wahai pak mentri?,negatif
428,Solusi minyak goreng langka versi pemerintah  Berkemah bersama seluruh gubernur,negatif
429,"Semua partai Menjual atau menbagikan Migor disaat langka Emang betul , tetapi salah Hasilnya Hahaha , PKS udh sejak Kelangkaan muncul Udh Angkat bicara untuk pemerintah Menangani kelangkaan Minyak Goreng.",normal
430,"Sejumlah komoditas menghilang dari pasaran. Selain minyak goreng, gula pasir juga ikut langka. Ketua DPD RI, AA LaNyalla Mahmud Mattalitti, meminta pemerintah memberikan penjelasan mengapa kondisi tersebut bisa terjadi. LaNyalla Gula ",normal
431,Narasi omong kosong... ini bro.. ada data pendukung.. atau bukti ngk... yg harus dipikir kan pemerintah saat ini minyak goreng ngk langka ..Begitu cebong.. bkan,negatif
432,Negara sawit terbesar minyak goreng langka seharusnya kau mikir buzzerp kemana hasil dari sawit itu kalo pemerintah yg bagus gak bakal itu langka minyak goreng kalo ada main belakang sama kapitalis jadi kekgini langka dan elu masih bela?wajar gaji lu dari belain mereka,negatif
433,"Dugaan sebelum terjadi fenomena Minyak Goreng langka..., Katanya telah di eksport ke luar negeri 450.000 Ton., bikin Resah Rakyat itu Gejala penyakit tidak Kondusif, bisa mengganggu suasana kondusif Rakyat yg bikin Vertigo Pemerintah.., Apa terpikir oleh KPK...50RB.TON",negatif
434,"Pemerintah bahkan tidak bisa menghadapi permasalahan yang sebenarnya sangat sederhana, yaitu tidak bisa membedakan antara sebab dan akibat",normal
435,Kebijakan DMO dari pemerintah lah yang membuat perusahaan sawit ini enggan menjual sebagian besar CPO nya di Indonesia. Alhasil minyak goreng pun langka sampai sekarang. Begitu kata paklek Sudir.,negatif
436,Indonesia kan penghasil sawit terbesar di dunia. Kok minyak goreng LANGKA. Pemerintah kan gak pecus ngatur. Kalah sama pengusaha sawit. Terus cebong dungu tetap aja tepuk tangan. Padahal istrinya antri minyak goreng. TAI LO BONG. kata Ahok,negatif
437,"Anjuran Pemerintah Karena minyak goreng  langka maka diinstruksikan untuk seluruh rakyat Indonesia untuk mengganti migor dengan air , semua gorengan tidak digoreng tapi direbus, terimakasih.Ttd.Presiden wakanda",normal
438,"Ini dia yg saya curigai selama ini, ternyata minyak goreng langka dipasaran karena semua diborong oleh partai pendukung koalisi pemerintah, untuk kegiatan politik, ini cara licik dan melanggar aturan ",negatif
439,"Regulasi dan komunikasi yg buruk dari pemerintah juga harus bisa kita akui bersama, bukan sebatas hanya memuji, memuja dan menjilat saja bisanyaMasa udah lebih 1 bulan program subsidi minyak tapi stok masih susah, minyak goreng langka, solar susah, padahal kita penghasil sawit",negatif
440,"Minyak Goreng Mahal dan langkaMinyak Solar pun begituSehingga barang kebutuhan sehari2 pun mulai naik,mana perhatian pemerintah yang katanya berpihak rakyat",negatif
441,[POPULER MONEY] Pemerintah soal Softbank Batal Investasi di IKN | Sampai Kapan Minyak Goreng Langka ,normal
442,"Pemerintah Tolol.Presiden nya lebih tolol.Salah satu Negeri penghasil CPO terbesar,Tiap tahun kebun sawit bertambah.Tapi ironisnya minyak goreng langka di negeri sendiri.Mundur aja sampeyan.",negatif
443,"Pinter2 si mba mensiasati minyak goreng langka.Aku padamu mba..AssalamualaikumPagi tweeps, tetaplah menggoreng walau minyak goreng langka, paling ga jgn kalah sama pemerintah yg sibuk menggoreng isu 3 periode..",negatif
444,"For your info nih! Pemerintah Kota Sorong, Provinsi Papua Barat, menyebutkan, minyak goreng di daerah tersebut tidak langka dan stok aman hingga April 2022. PapuaDamaiTanpaProvokasi PapuaIndonesia ",normal
445,Rakyat indonesiaMati di lumbung kebun sawitTapi minyak goreng langkaPemerintah mana pemerintah,negatif
446,PB HMI Desak Pemerintah Segera Bertindak Atasi Minyak Goreng yang Mahal dan Langka,normal
447," Minyak goreng lagi panas semua menghindar, klw minyak goreng lagi langka semua pada ngumpul. Menyalahkan pemerintah padahal mereka jg bertanggung jawan ata kemanusiaan",normal
448,ingess 85Ferdy   Indonesia kan penghasil sawit terbesar di dunia. Kok minyak goreng LANGKA. Pemerintah kan gak pecus ngatur. Kalah sama pengusaha sawit. Terus cebong dungu tetap aja tepuk tangan. Padahal istrinya antri minyak goreng. TAI LO BONG. kata Ahok,negatif
449," Pemerintah harusnya yg malu, penghasil cpo terbesar di dunia kok minyak goreng langka, tp pendukungnya buta kayaknya.",negatif
450,"dahlan  W lebih percaya MUI dri pada pemerintah.. Negara sawit minyak goreng langka.. Bumn lahan utang LN,, Entah gmna kerja versi pemerintah,, apa kerjanya cari cuan ja.. Termasuk ni Rebutin Cuan sertifikat Halal  JokowiMundurlah ",negatif
451,"Makanya aku bingung, ini minyak goreng langka gara gara pemerintah, apa gara gara masyarakat sendiri",normal
452," Nich akibat pemerintah ngk tanggap dgn keluhan masyrkat akhir y jatuh korban lg"" krn yg d utamakan oleh pemerintah",negatif
453, Mohon pemerintah turun tangan mengatasi kelangkaan ini. Di sini saya merasakan sendiri hampir susah mencari minyak goreng bagus. Memang ngga ada. Miris penghasil CPO terbesar malah di negeri sendiri langka.....,negatif
454, Pemerintah aza yg di salahin minyak goreng langka,normal
455," Harusnya pemerintah khususnya  jngan berstatemen berdasarkan azas praduga, ,apalagi nyalahin masyrakat, Realnya minyak goreng langka, ,pun klo iya trkadi punic buying jngan slahkan masyarakat, ,itu murni slah pemerintah gak bisa menyediakan yg layak buat masyarakat.",negatif
456,"1. Ini sudah tidak bisa dibiarkan. Pemerintah tidak bisa kita harapkan, mari kita sebagai netizen bertindak. Minyak goreng langka itu hanya mslh  lima anak di Kabupaten Berau, Kaltim meninggal saat antre minyak goreng di minimarket pagi tadi.",negatif
457,baru kali ini ngerasain ikutan puyeng minyak goreng langka. bojo jadi nggak bisa goreng ini itu. nerbener ni pemerintah ye kalian kerjanya ngapain aja hah?! jwbbb,negatif
458,"Sebenarnya minyak goreng udah nggak langka, sejak pemerintah distribusikan 377 juta liter ke 34 provinsi 14 Februari 2022. Nah, yang jadi masalahnya itu, masyarakat nyari minyak goreng yang sesuai dengan ketetapan harga eceran tertinggi, begitu.. ",normal
459,2  1 klz 2   Nyatanya minyak goreng banyak yg jualKalian yg teriak migor langka tinggal di neraka begian manaKalau mau menjelek2an pemerintah yg penuh prestasi cari cara yg lebih masuk akalTapi ingat yg menjelekan cuma kalian para kadrun,negatif
460,"26 Lho bangsad.. Ini yg bikin rusuh negri ini... Gara2 minyak goreng larang, langka.... Pemerintah kau serang...demi kepentinganmu....",negatif
461,"Serba Salah saat Minyak Goreng Langka, APPSI Operasi Pasar Pemerintah Malah Jadi Saingan Pedagang  ",normal
462," Orang di medsos banyak yg ngomongin minyak goreng mahal dan langka bang. Pemerintah harusnya tau, bukan malah seakan2 gak peduli.",negatif
463,Bbrp politisi yg berseberangan dg pemerintah terus menggoreng isu minyak goreng langka di masyarakat..seolah2 di masyarakat bener2 ngga ada minyak gorengFaktanya..di warung2 minyak goreng tetep banyak..masyarakat tetep bisa menggoreng2 tempe tahu spt biasa Gagal maning Son,normal
464,Mereka dalang dari minyak goreng langka agar masyarskat salahkan pemerintah,normal
465," boss dari jaman pak harto sampai jaman pak sby minyak goreng tak pernah langka,ini berarti antara pemerintah dan pengusaha ada bermain dalam pasar gelap minyak goreng dan pemerintah dapat untung bisa jadi untungnya untuk bangun ibu kota baru dan pengusaha dpt laba besar .",negatif
466,merah  Minyak goreng langka bukan krn pemerintah gak sanggup menyediakan stock  bagi rakyat tapi krn minyak goreng dikuasai oleh partai2 yg cari muka di masyarakat menjelang 2024 ,negatif
467,"""Pemerintah telah turunkan bahan baku minyak goreng jadi Rp9 ribu/lt. Sehingga harga minyak goreng di pasar sesuai HET. Saat turunnya bahan baku justru membuat minyak goreng langka di pasaran, kondisi itu membuktikan ada yang memanfaatkan momentum ini,"" katanya.",normal
468, Urusin mimyak goreng dulu yg bnr pakJgn acuh gtKasihan nih rakyat ngurusin minyak aj gag kelar kelar pemerintah nihUsaha kecil yg usaha nya tergantung dgn minyak goreng byk yg gulung tikarKsihan juga mak makHeran dah minyak goreng kok langka bnr,negatif
469,"   DERITA BAGI EMAK EMAK YG NGANTRI MINYAK GORENG DARI JAM 6 PAGI SAMPAI JAM 12 SIANG KMPRETTT!!LOE PUNYA OTAK GW,KESEL DAPUR KITA DI OBOK OBOK PEMERINTAH MINYAK GORENG AJA SAMPAI LANGKA..BACOT YG BENER!",negatif
470,sesama pejabat pendukung pemerintah pun berbeda pendapat terkait persoalan minyak goreng langka diindonesia.. ,normal
471,"being1074 Katanya langka, yg artinya pabrikan tdk produksi krn harga sawit mahal tp oleh pemerintah harga minyak goreng disuruh murah. Itu alasannya. Tp ini kok bs ada minyak gorengnya?",normal
472,"RI       1921 pejabat pemerintah jika BodohAkut, maka masyarakat dijadikan kambing hitam langkanya migor. Rakyat tak akan nimbun migor, krn ada kebutuhan lain yg perlu dibeli brooo",negatif
473, Pemerintah yg ekspor minyak goreng ..skrg langka yaaa tinggal salahin rakyat..enak bgt emank jd pejabat...,negatif
474," id   Minyak goreng ada dan banyak, masalah na pemerintah mematok HET yang tidak sesuai dengan kenaikan CPO dunia apalagi kena perang Ukraine - Rusia... Hapuskan HET, langsung normal lagi... Kemudian biodiesel yang langka ).",normal
475,"Yang Langka- minyak goreng- gula pasir- pupukYang naik harga- daging- telor- kedelai- gas- jalan tolBila ada kurang tolong ditambah, bila ada salah tolong dikoreksi. Ini penting supaya pemerintah juga tau dan buat perbaikan, terima kasih Minyak Goreng",negatif
476,Liat berita di indo kok ngeri. Pengen pulang tapi kok gini amat nasib di indo. Udah biasa tenang di jepang tanpa huru hara masalah pemerintahan. Lah di indo Kok bisa bisanya sampe minyak goreng aja langka. Dzholim banget sih lu pemerintah,negatif
477,Minyak goreng tidak langka.Pemerintah mampu menyediakan kebutuhan.Hanya saja keburu di timbun petinggi PARPOLdemi pencitraan menjelang pemilu serentak 2024. Main nya jelek.,negatif
478, Kondisi minyak goreng langka ini sudah cukup lama berlangsung...  pemerintah yg terkait pada lagi cuti panjang ya dari hulu ke hilir?,negatif
479,"Negeri penghasil sawit, langka minyak goreng, dan pemerintah Ndak mampu mengatasi, udah gitu minta perpanjangan masa jabatan, gila ",negatif
480,"Lihat aja, minyak goreng dan harga sembako tiba normal lagi tanpa ada penjelasan dari pemerintah kenapa langka... krn penyusunan skenario utk sang kae dan gabran sudah selesai",bot
481," Lihat aja, tiba minyak goreng dan harga sembako normal kembali tanpa ada penjelasan pemerintah kenapa bisa langka... krn skenario drama pelaporan sang kae dan gabran baru selesai disusun",bot
482,"1 oh ini yg membuat minyak goreng langka? dia yg beli, dia yg nimbun pemerintah yg disalahi. abis itu drama jadi org baik bagi2 minyak goreng.dia kira semua org bisa di bodohi? demi ambisi berkuasa 2024 gini amat maen nya",negatif
483,Serunya debat minyak goreng langkaIni antara pendukung Pemerintah Yang penting SolusinyaMasa solusinya perpanjangan masa jabatan Presiden? ,normal
484,Apakah minyak goreng langka merupakan siasat pemerintah utk mengurangi populasi manusia silver (bahan dasar manusia silver adalah minyak goreng),normal
485, Polri  Sudaah jelas kan siapaa yg nimbun minyak goreng...?? Dengan begituu demokrat bisa menyalahkan pemerintah migor langka...tenggelamkandemokrat2024,negatif
486,dk Namanya parta bintang redup  membagi 16ton minyak goreng kepada masyarakat utk pencitraan tapi menyalahkan pemerintah minyak goreng langkaDasar partai kebo,negatif
487,Pakar Kebijakan Publik Achmad Nur Hidayat menilai respons pemerintah terhadap kelangkaan pangan sangat tidak kompeten. MinyakGorengLangka ,normal
488," Pemerintah pastinya ingin cari uang Lebih dgn menjual ke luar negeri, mempenrindag ,awalnya tidak menyangka bakal langka minyak goreng di tanah air, ternyata malah ketahuan.ulah pemerintah juga,yg ingin cari kelebihan, kelebihan masuk kas negara apa tidak.??",negatif
489,"kan yg bikin minyak goreng ini langka adalah kebijakan pemerintah sendiri yg ngawur bikin harga minyak goreng 1harga tapi tdk mampu menyediakan barang y..,akhir y Masyarakat pula yg d rugikan...",negatif
490,PB HMI Desak Pemerintah Segera Bertindak Atasi Minyak Goreng yang Mahal dan Langka ,normal
491,mungkin pemerintah sengaja bikin minyak goreng langka biar terjadi antrian dmn2 akhirnya tercipta herd imunity,normal
492,Pak Jokowi yth Saya minta Pemerintah SEGERA memberi SOLUSI Supaya Minyak Goreng Tersedia alias TIDAK LANGKA lagi &amp,normal
494," setiap malam membahas migor, setiap hari pula rakyat suruh berjejal berebut migor.Mrk yang mewakili pemerintah tanpa malu selalu menyebut minyak goreng ada minyak goreng tersedia..Coba suruh ikut antri keluarganya berebut Migor...baru tahu migor sulit dan langka.",negatif
495,"Kenapa sih minyak goreng dengan harga yang ditetapkan oleh pemerintah sekarang langka?Terus, menteri perdagangan ngapain aja dong?Yuk, simak penuturan Sis nat ini.",normal
496,"Minyak Goreng Langka, Gemuruh Rembang Harapkan Pemerintah dan Aparat Turun Tangan. ",normal
497,Gua sih ga percaya minyak goreng langka. Lebih ga percaya lagi kalo Pemerintah ga bisa buat apa2 utk mengatasi kelangkaan.,negatif
498,"Daerah yg Lanka minyak goreng bisa kita perhatikan,,dan di situ banyak kaum kadrunya,,biar daerah itu teriak teriak nyalahin pemerintah,,dan di Kalbar minyak goreng ngk langka,koq dan harganya normal,,17000 , per liter,, karna di Kalbar kadrunya pada ngumpet ngk bakal berani",normal
499,"7gmai1 Pemerintah lbh baik cadangkan anggaran utk kebutuhan pangan rakyat, sembako, pupuk, minyak goreng, kedele, gula, terigu, sdh mulai langka, jg solar. Kenaikan gas, bbm non subsidi. Utk cegah chaos, grassroot sdh mulai panas ini, sebelumnya PPKM usaha mrk pailit, skrg pangan susah.",normal
500,"Iwan Fals Sindir Pemerintah dengan Lagu, Minyak Goreng Langka Bagai Tikus Mati di Lumbung Padi ",negatif
501,"Pemerintah Kabupaten Tangerang, Banten, mempunyai cara tersendiri dalam mendistribusikan minyak goreng, yang saat ini tengah mahal dan langka dipasaran. ",normal
502," yg salah pemerintah, petani sawit juga disindir dulu 2018. kocak!!! sekarang minyak goreng langka saling ini saling itu waduhhh.",negatif
503," Menteri ini tugasnya 1. Heran minyak selalu langka di pasar.2. Kaget harga minyak tidak sesuai arahan pemerintah, dan skarang...3. Berkhayal bisa mendikte harga minyak goreng.",negatif
504,Strategi jitu tapi konyol dan akhirnya jadi boomerang.Tiap hari nyalahin pemerintah karena minyak goreng yg langka. Tapi akhirnya.... Taraaaaa saya punya stock 16 ton dan siap bagi2.... Belinya sama mas I**s aja yaaaaa ,negatif
505,"Harga minyak goreng udah turun hei...pemerintah udah buat 1 harga. Pas harga tinggi, stok melimpah ruah. Pas  satu harga standar, eh langka.Kan ngenes ya kok bisa dapet berton-ton",negatif
506,"Kalo kejadiannya harga Minyak Goreng melambung tinggi, trus partai gelar pasar Murah. Itu masuk akal.Tapi kejadiaannya Minyak Goreng jadi langka setelah pemerintah buat 1 harga mengatasi harga tinggi minyak goreng.Kok bisa2nya rakyat nyari ngga dapet....eh partai dapet",negatif
507,"jend satrio  farmist   Subsidi kan pernah diberikan kpd konglomerat. Pemerintah harusnya berhak dong mengalokasikan produksi minyak goreng mereka disaat langka begini utk keperluan dlm negeri dulu, sisanya baru ekspor. ",normal
508,"Iwan Fals Kritik Pemerintah Jokowi Gara-Gara Minyak Goreng Langka, Iwan Fals Bikin Lagu Berjudul Minyak Goreng",negatif
509," Mungkin yang langka yang harga pemerintah, sempet nyari juga ke car**""""r ga ada, eh..warung deket rumah minyak goreng tetep jualan tapi harganya lebih mahal emang...",normal
510,"Ini sudah harga gilaan, dan sangat aneh sekali krn daerah Kendari selain penghasil kelapa sawit terbesar di dunia, juga produk kelapa ditemukan dimana. Tapi anehnya kok minyak goreng langka di Kendari, Kamis, 10 Maret 2022.Dimana keberadaan pemerintah dg kartu Sembakonya? ",negatif
511,"Semoga semua media meliput ini , ini gambaran pemerintah kita gagal , sekelas minyak goreng saja bisa langka di pasar",negatif
512,"@81adi  ELMayka  jowo 7 Lo sebenarnya domisili mana??? Klo emang bener tu berita itu urusan masyarakat sana dgn pemerintah stempat, dsini minyak goreng biasa2 aja jdi ga usah sok2an teriak minyak goreng langka/mahal seakan akan seluruh indonesia gitu!!",normal
513," sempat saya berfikir, bahawa minyak goreng di timbun oknum buat dana kampanye 2024, biarkan minyak langka &gt",negatif
514,Kenapa jadi langka yaa karena lebih menguntungkan diekpor ga rumit sistim distribusi DN yg ribet. Daaannn perusahan2 ini utang LN sudah menumpuk jadi rugi kl dapatnya cuma uang rapiah. Tdk ada bahan baku yaa tdk ada minyak goreng. Knp pemerintah diam krn sdh tdk berkutik lagi,normal
515,being1074 Wkakakaka.  Udh bosen gw d serang... Mereka udh nyerang pemerintah duluan hanya karena minyak goreng langka.. gila,normal
516,"Minyak Goreng Langka, HKTI Sulsel Minta Pemerintah Kembalikan Kelapa Sebagai Bahan Baku Minyak Goreng ",normal
517,"1. Video viral antrean pembeli minyak goreng kapan hari berlokasi di Jakarta. Lalu buka pasarnya di Ngawi2. migor langka. Tetiba bisa pengadaan 16 ton3. Migor curah bny, hny ada selisih hrg dr migor kemasan yg dipatok pemerintah 14 rb/liter",normal
518,"Baskoro Sy tambah Pak  Bilang minyak goreng langka ternyata mereka-lah yg nimbun Dia cuma menyalurkan sambil carmuk, harga mah dr pemerintah ",negatif
519,36 didu Rakyat cerdas akan paham bukan mencaci pemerintah kenapa minyak goreng sampai langka..? Lalu ada ada salah satu partai yg membagikan 16 ton minyak goreng,negatif
520,"Pedagang Gorengan di Kendari Terancam Tutup Karena Minyak Goreng Langka, Minta Bantuan Pemerintah  lewat ",negatif
